	DATE	DAILY_ENTRIES	MONTH
0	2014-12-28	2814375.0	2014-12
1	2014-12-29	5103288.0	2014-12
2	2014-12-30	5296417.0	2014-12
3	2014-12-31	4796475.0	2014-12
4	2015-01-01	2731483.0	2015-01
5	2015-01-02	4526547.0	2015-01
6	2015-01-03	3074859.0	2015-01
7	2015-01-04	2487118.0	2015-01
8	2015-01-05	5670868.0	2015-01
9	2015-01-06	5638467.0	2015-01
10	2015-01-07	5765698.0	2015-01
11	2015-01-08	5557525.0	2015-01
12	2015-01-09	5741295.0	2015-01
13	2015-01-10	3261184.0	2015-01
14	2015-01-11	2484991.0	2015-01
15	2015-01-12	5548241.0	2015-01
16	2015-01-13	5843531.0	2015-01
17	2015-01-14	5868625.0	2015-01
18	2015-01-15	5868286.0	2015-01
19	2015-01-16	5963972.0	2015-01
20	2015-01-17	3303248.0	2015-01
21	2015-01-18	2247299.0	2015-01
22	2015-01-19	3576076.0	2015-01
23	2015-01-20	5819352.0	2015-01
24	2015-01-21	5864088.0	2015-01
25	2015-01-22	5907212.0	2015-01
26	2015-01-23	5924277.0	2015-01
27	2015-01-24	3039951.0	2015-01
28	2015-01-25	2646267.0	2015-01
29	2015-01-26	5020364.0	2015-01
30	2015-01-27	1308922.0	2015-01
31	2015-01-28	5636590.0	2015-01
32	2015-01-29	6033527.0	2015-01
33	2015-01-30	5921081.0	2015-01
34	2015-01-31	3253799.0	2015-01
35	2015-02-01	2557560.0	2015-02
36	2015-02-02	5124497.0	2015-02
37	2015-02-03	5995139.0	2015-02
38	2015-02-04	6233672.0	2015-02
39	2015-02-05	6148402.0	2015-02
40	2015-02-06	6077195.0	2015-02
41	2015-02-07	3355329.0	2015-02
42	2015-02-08	2591634.0	2015-02
43	2015-02-09	5682135.0	2015-02
44	2015-02-10	6058480.0	2015-02
45	2015-02-11	6195085.0	2015-02
46	2015-02-12	5985418.0	2015-02
47	2015-02-13	6019485.0	2015-02
48	2015-02-14	3369327.0	2015-02
49	2015-02-15	2469873.0	2015-02
50	2015-02-16	3177836.0	2015-02
51	2015-02-17	5373547.0	2015-02
52	2015-02-18	5820486.0	2015-02
53	2015-02-19	5658980.0	2015-02
54	2015-02-20	5379728.0	2015-02
55	2015-02-21	3190277.0	2015-02
56	2015-02-22	2562500.0	2015-02
57	2015-02-23	5748021.0	2015-02
58	2015-02-24	5978105.0	2015-02
59	2015-02-25	6097878.0	2015-02
60	2015-02-26	6147235.0	2015-02
61	2015-02-27	6076709.0	2015-02
62	2015-02-28	3421195.0	2015-02
63	2015-03-01	2554207.0	2015-03
64	2015-03-02	5733371.0	2015-03
65	2015-03-03	6120640.0	2015-03
66	2015-03-04	6020019.0	2015-03
67	2015-03-05	5428982.0	2015-03
68	2015-03-06	5999434.0	2015-03
69	2015-03-07	3714773.0	2015-03
70	2015-03-08	2626978.0	2015-03
71	2015-03-09	5875250.0	2015-03
72	2015-03-10	6251244.0	2015-03
73	2015-03-11	6272363.0	2015-03
74	2015-03-12	6355422.0	2015-03
75	2015-03-13	6233896.0	2015-03
76	2015-03-14	3458625.0	2015-03
77	2015-03-15	2939271.0	2015-03
78	2015-03-16	5817368.0	2015-03
79	2015-03-17	6138577.0	2015-03
80	2015-03-18	6175870.0	2015-03
81	2015-03-19	6137652.0	2015-03
82	2015-03-20	6088850.0	2015-03
83	2015-03-21	3488278.0	2015-03
84	2015-03-22	2913735.0	2015-03
85	2015-03-23	5782462.0	2015-03
86	2015-03-24	6087398.0	2015-03
87	2015-03-25	6177773.0	2015-03
88	2015-03-26	6166820.0	2015-03
89	2015-03-27	6231799.0	2015-03
90	2015-03-28	3605670.0	2015-03
91	2015-03-29	2922957.0	2015-03
92	2015-03-30	5856102.0	2015-03
93	2015-03-31	6237520.0	2015-03
94	2015-04-01	6292357.0	2015-04
95	2015-04-02	6321009.0	2015-04
96	2015-04-03	5095034.0	2015-04
97	2015-04-04	3564155.0	2015-04
98	2015-04-05	2785403.0	2015-04
99	2015-04-06	5535199.0	2015-04
100	2015-04-07	5692279.0	2015-04
101	2015-04-08	5730197.0	2015-04
102	2015-04-09	5758914.0	2015-04
103	2015-04-10	5604039.0	2015-04
104	2015-04-11	3789347.0	2015-04
105	2015-04-12	3021843.0	2015-04
106	2015-04-13	5865593.0	2015-04
107	2015-04-14	6141950.0	2015-04
108	2015-04-15	6362400.0	2015-04
109	2015-04-16	6288528.0	2015-04
110	2015-04-17	6156934.0	2015-04
111	2015-04-18	3867381.0	2015-04
112	2015-04-19	3043280.0	2015-04
113	2015-04-20	5619169.0	2015-04
114	2015-04-21	6149615.0	2015-04
115	2015-04-22	6338636.0	2015-04
116	2015-04-23	6356380.0	2015-04
117	2015-04-24	6196508.0	2015-04
118	2015-04-25	3912318.0	2015-04
119	2015-04-26	2993791.0	2015-04
120	2015-04-27	5910299.0	2015-04
121	2015-04-28	6213312.0	2015-04
122	2015-04-29	6327735.0	2015-04
123	2015-04-30	6350591.0	2015-04
124	2015-05-01	6351075.0	2015-05
125	2015-05-02	3785444.0	2015-05
126	2015-05-03	3078167.0	2015-05
127	2015-05-04	6049317.0	2015-05
128	2015-05-05	6209988.0	2015-05
129	2015-05-06	6233059.0	2015-05
130	2015-05-07	6319726.0	2015-05
131	2015-05-08	6216318.0	2015-05
132	2015-05-09	3778431.0	2015-05
133	2015-05-10	2883084.0	2015-05
134	2015-05-11	5856869.0	2015-05
135	2015-05-12	6215936.0	2015-05
136	2015-05-13	6404767.0	2015-05
137	2015-05-14	6336117.0	2015-05
138	2015-05-15	6378728.0	2015-05
139	2015-05-16	3812128.0	2015-05
140	2015-05-17	3076981.0	2015-05
141	2015-05-18	5958738.0	2015-05
142	2015-05-19	6204999.0	2015-05
143	2015-05-20	6417675.0	2015-05
144	2015-05-21	6347872.0	2015-05
145	2015-05-22	6045171.0	2015-05
146	2015-05-23	3572929.0	2015-05
147	2015-05-24	2973991.0	2015-05
148	2015-05-25	2939131.0	2015-05
149	2015-05-26	6000933.0	2015-05
150	2015-05-27	6314401.0	2015-05
151	2015-05-28	6191409.0	2015-05
152	2015-05-29	6131014.0	2015-05
153	2015-05-30	3801778.0	2015-05
154	2015-05-31	2950714.0	2015-05
155	2015-06-01	5761160.0	2015-06
156	2015-06-02	6196338.0	2015-06
157	2015-06-03	6371472.0	2015-06
158	2015-06-04	6178318.0	2015-06
159	2015-06-05	6166937.0	2015-06
160	2015-06-06	3689739.0	2015-06
161	2015-06-07	3151064.0	2015-06
162	2015-06-08	5971173.0	2015-06
163	2015-06-09	6162809.0	2015-06
164	2015-06-10	6379797.0	2015-06
165	2015-06-11	6314800.0	2015-06
166	2015-06-12	6187662.0	2015-06
167	2015-06-13	3854375.0	2015-06
168	2015-06-14	3226061.0	2015-06
169	2015-06-15	5805146.0	2015-06
170	2015-06-16	6055342.0	2015-06
171	2015-06-17	6357058.0	2015-06
172	2015-06-18	6220915.0	2015-06
173	2015-06-19	6054130.0	2015-06
174	2015-06-20	3695658.0	2015-06
175	2015-06-21	2877014.0	2015-06
176	2015-06-22	5816168.0	2015-06
177	2015-06-23	6125772.0	2015-06
178	2015-06-24	6110754.0	2015-06
179	2015-06-25	6229884.0	2015-06
180	2015-06-26	6041578.0	2015-06
181	2015-06-27	3649521.0	2015-06
182	2015-06-28	3002644.0	2015-06
183	2015-06-29	5606013.0	2015-06
184	2015-06-30	5894407.0	2015-06
185	2015-07-01	5879019.0	2015-07
186	2015-07-02	5840723.0	2015-07
187	2015-07-03	3891515.0	2015-07
188	2015-07-04	2847576.0	2015-07
189	2015-07-05	2793132.0	2015-07
190	2015-07-06	5508685.0	2015-07
191	2015-07-07	5858474.0	2015-07
192	2015-07-08	5955178.0	2015-07
193	2015-07-09	5890309.0	2015-07
194	2015-07-10	5845298.0	2015-07
195	2015-07-11	3801528.0	2015-07
196	2015-07-12	2972600.0	2015-07
197	2015-07-13	5589536.0	2015-07
198	2015-07-14	5803664.0	2015-07
199	2015-07-15	5857441.0	2015-07
200	2015-07-16	6117628.0	2015-07
201	2015-07-17	5857187.0	2015-07
202	2015-07-18	3515617.0	2015-07
203	2015-07-19	2912205.0	2015-07
204	2015-07-20	5567571.0	2015-07
205	2015-07-21	5905447.0	2015-07
206	2015-07-22	6146008.0	2015-07
207	2015-07-23	6093237.0	2015-07
208	2015-07-24	5801055.0	2015-07
209	2015-07-25	3665443.0	2015-07
210	2015-07-26	2904212.0	2015-07
211	2015-07-27	5551833.0	2015-07
212	2015-07-28	5913353.0	2015-07
213	2015-07-29	5916318.0	2015-07
214	2015-07-30	5801625.0	2015-07
215	2015-07-31	5697674.0	2015-07
216	2015-08-01	3541747.0	2015-08
217	2015-08-02	2952934.0	2015-08
218	2015-08-03	5546267.0	2015-08
219	2015-08-04	5815632.0	2015-08
220	2015-08-05	6025708.0	2015-08
221	2015-08-06	5928627.0	2015-08
222	2015-08-07	5698927.0	2015-08
223	2015-08-08	3567567.0	2015-08
224	2015-08-09	3007691.0	2015-08
225	2015-08-10	5459454.0	2015-08
226	2015-08-11	5459667.0	2015-08
227	2015-08-12	5826968.0	2015-08
228	2015-08-13	5802896.0	2015-08
229	2015-08-14	5592431.0	2015-08
230	2015-08-15	3522937.0	2015-08
231	2015-08-16	2809416.0	2015-08
232	2015-08-17	5206644.0	2015-08
233	2015-08-18	5511598.0	2015-08
234	2015-08-19	5614614.0	2015-08
235	2015-08-20	5588796.0	2015-08
236	2015-08-21	5380995.0	2015-08
237	2015-08-22	3428392.0	2015-08
238	2015-08-23	2791087.0	2015-08
239	2015-08-24	5181915.0	2015-08
240	2015-08-25	5486236.0	2015-08
241	2015-08-26	5559606.0	2015-08
242	2015-08-27	5626032.0	2015-08
243	2015-08-28	5472071.0	2015-08
244	2015-08-29	3381271.0	2015-08
245	2015-08-30	2818273.0	2015-08
246	2015-08-31	5294332.0	2015-08
247	2015-09-01	5692243.0	2015-09
248	2015-09-02	5908864.0	2015-09
249	2015-09-03	5786717.0	2015-09
250	2015-09-04	5502922.0	2015-09
251	2015-09-05	3748045.0	2015-09
252	2015-09-06	2927349.0	2015-09
253	2015-09-07	2939531.0	2015-09
254	2015-09-08	5759214.0	2015-09
255	2015-09-09	6195692.0	2015-09
256	2015-09-10	6345557.0	2015-09
257	2015-09-11	6205982.0	2015-09
258	2015-09-12	3788556.0	2015-09
259	2015-09-13	2923168.0	2015-09
260	2015-09-14	5235341.0	2015-09
261	2015-09-15	5629612.0	2015-09
262	2015-09-16	6478275.0	2015-09
263	2015-09-17	6455936.0	2015-09
264	2015-09-18	6363549.0	2015-09
265	2015-09-19	3740050.0	2015-09
266	2015-09-20	3015672.0	2015-09
267	2015-09-21	6073645.0	2015-09
268	2015-09-22	6138681.0	2015-09
269	2015-09-23	5477902.0	2015-09
270	2015-09-24	6068614.0	2015-09
271	2015-09-25	6271886.0	2015-09
272	2015-09-26	3883876.0	2015-09
273	2015-09-27	3086563.0	2015-09
274	2015-09-28	5971312.0	2015-09
275	2015-09-29	6292018.0	2015-09
276	2015-09-30	6329043.0	2015-09
277	2015-10-01	6448004.0	2015-10
278	2015-10-02	6139031.0	2015-10
279	2015-10-03	3528684.0	2015-10
280	2015-10-04	3003006.0	2015-10
281	2015-10-05	5925992.0	2015-10
282	2015-10-06	6258046.0	2015-10
283	2015-10-07	6469735.0	2015-10
284	2015-10-08	6514180.0	2015-10
285	2015-10-09	6407106.0	2015-10
286	2015-10-10	3869301.0	2015-10
287	2015-10-11	3150528.0	2015-10
288	2015-10-12	4687428.0	2015-10
289	2015-10-13	6290740.0	2015-10
290	2015-10-14	6455601.0	2015-10
291	2015-10-15	6502216.0	2015-10
292	2015-10-16	6398515.0	2015-10
293	2015-10-17	4018926.0	2015-10
294	2015-10-18	3131775.0	2015-10
295	2015-10-19	6007653.0	2015-10
296	2015-10-20	6337179.0	2015-10
297	2015-10-21	6449009.0	2015-10
298	2015-10-22	6479687.0	2015-10
299	2015-10-23	6461014.0	2015-10
300	2015-10-24	3828145.0	2015-10
301	2015-10-25	2938596.0	2015-10
302	2015-10-26	6069959.0	2015-10
303	2015-10-27	6392115.0	2015-10
304	2015-10-28	6301193.0	2015-10
305	2015-10-29	6482830.0	2015-10
306	2015-10-30	6533853.0	2015-10
307	2015-10-31	3904765.0	2015-10
308	2015-11-01	3663537.0	2015-11
309	2015-11-02	6147903.0	2015-11
310	2015-11-03	5990663.0	2015-11
311	2015-11-04	6455031.0	2015-11
312	2015-11-05	6390764.0	2015-11
313	2015-11-06	6312648.0	2015-11
314	2015-11-07	3831591.0	2015-11
315	2015-11-08	3051577.0	2015-11
316	2015-11-09	6057371.0	2015-11
317	2015-11-10	6292110.0	2015-11
318	2015-11-11	5559200.0	2015-11
319	2015-11-12	6372880.0	2015-11
320	2015-11-13	6386477.0	2015-11
321	2015-11-14	3842629.0	2015-11
322	2015-11-15	2846042.0	2015-11
323	2015-11-16	6036567.0	2015-11
324	2015-11-17	6427304.0	2015-11
325	2015-11-18	6355934.0	2015-11
326	2015-11-19	6338505.0	2015-11
327	2015-11-20	6316940.0	2015-11
328	2015-11-21	3644682.0	2015-11
329	2015-11-22	2851002.0	2015-11
330	2015-11-23	6103803.0	2015-11
331	2015-11-24	6328901.0	2015-11
332	2015-11-25	5875607.0	2015-11
333	2015-11-26	2402766.0	2015-11
334	2015-11-27	3699210.0	2015-11
335	2015-11-28	3273570.0	2015-11
336	2015-11-29	2670914.0	2015-11
337	2015-11-30	5945165.0	2015-11
338	2015-12-01	6251095.0	2015-12
339	2015-12-02	6311011.0	2015-12
340	2015-12-03	6443861.0	2015-12
341	2015-12-04	6486278.0	2015-12
342	2015-12-05	3992298.0	2015-12
343	2015-12-06	3073330.0	2015-12
344	2015-12-07	6122926.0	2015-12
345	2015-12-08	6417111.0	2015-12
346	2015-12-09	6486101.0	2015-12
347	2015-12-10	6470386.0	2015-12
348	2015-12-11	6491600.0	2015-12
349	2015-12-12	4089816.0	2015-12
350	2015-12-13	3288357.0	2015-12
351	2015-12-14	6068844.0	2015-12
352	2015-12-15	6328902.0	2015-12
353	2015-12-16	6405146.0	2015-12
354	2015-12-17	6247201.0	2015-12
355	2015-12-18	6466625.0	2015-12
356	2015-12-19	3928175.0	2015-12
357	2015-12-20	3118446.0	2015-12
358	2015-12-21	5920874.0	2015-12
359	2015-12-22	5896425.0	2015-12
360	2015-12-23	5635849.0	2015-12
361	2015-12-24	4133474.0	2015-12
362	2015-12-25	2007914.0	2015-12
0	2015-12-27	2874095.0	2015-12
1	2015-12-28	4971143.0	2015-12
2	2015-12-29	4993735.0	2015-12
3	2015-12-30	5329234.0	2015-12
4	2015-12-31	4673037.0	2015-12
5	2016-01-01	2781994.0	2016-01
6	2016-01-02	3197979.0	2016-01
7	2016-01-03	2657364.0	2016-01
8	2016-01-04	5637350.0	2016-01
9	2016-01-05	5637759.0	2016-01
10	2016-01-06	5925936.0	2016-01
11	2016-01-07	5889611.0	2016-01
12	2016-01-08	5887379.0	2016-01
13	2016-01-09	3341627.0	2016-01
14	2016-01-10	2433298.0	2016-01
15	2016-01-11	5687244.0	2016-01
16	2016-01-12	5908158.0	2016-01
17	2016-01-13	5985797.0	2016-01
18	2016-01-14	5925777.0	2016-01
19	2016-01-15	5859531.0	2016-01
20	2016-01-16	3285868.0	2016-01
21	2016-01-17	2626341.0	2016-01
22	2016-01-18	3490598.0	2016-01
23	2016-01-19	5696495.0	2016-01
24	2016-01-20	5967734.0	2016-01
25	2016-01-21	6015726.0	2016-01
26	2016-01-22	5893897.0	2016-01
27	2016-01-23	1378788.0	2016-01
28	2016-01-24	1682180.0	2016-01
29	2016-01-25	5472057.0	2016-01
30	2016-01-26	5978026.0	2016-01
31	2016-01-27	6048547.0	2016-01
32	2016-01-28	6050676.0	2016-01
33	2016-01-29	5939854.0	2016-01
34	2016-01-30	3631182.0	2016-01
35	2016-01-31	2697509.0	2016-01
36	2016-02-01	5745842.0	2016-02
37	2016-02-02	6147919.0	2016-02
38	2016-02-03	6064236.0	2016-02
39	2016-02-04	6197072.0	2016-02
40	2016-02-05	6066112.0	2016-02
41	2016-02-06	3447838.0	2016-02
42	2016-02-07	2604318.0	2016-02
43	2016-02-08	5387120.0	2016-02
44	2016-02-09	5988594.0	2016-02
45	2016-02-10	6136083.0	2016-02
46	2016-02-11	6202451.0	2016-02
47	2016-02-12	5676603.0	2016-02
48	2016-02-13	3080182.0	2016-02
49	2016-02-14	2204043.0	2016-02
50	2016-02-15	3238318.0	2016-02
51	2016-02-16	5292126.0	2016-02
52	2016-02-17	5776763.0	2016-02
53	2016-02-18	5806992.0	2016-02
54	2016-02-19	5664223.0	2016-02
55	2016-02-20	3420570.0	2016-02
56	2016-02-21	2576839.0	2016-02
57	2016-02-22	5812146.0	2016-02
58	2016-02-23	6007071.0	2016-02
59	2016-02-24	5896385.0	2016-02
60	2016-02-25	6134012.0	2016-02
61	2016-02-26	6007133.0	2016-02
62	2016-02-27	3577788.0	2016-02
63	2016-02-28	2720707.0	2016-02
64	2016-02-29	5804079.0	2016-02
65	2016-03-01	6112654.0	2016-03
66	2016-03-02	6105878.0	2016-03
67	2016-03-03	6220992.0	2016-03
68	2016-03-04	5950697.0	2016-03
69	2016-03-05	3539632.0	2016-03
70	2016-03-06	2731810.0	2016-03
71	2016-03-07	5892554.0	2016-03
72	2016-03-08	6179453.0	2016-03
73	2016-03-09	6279512.0	2016-03
74	2016-03-10	6290741.0	2016-03
75	2016-03-11	6194976.0	2016-03
76	2016-03-12	3640276.0	2016-03
77	2016-03-13	2588145.0	2016-03
78	2016-03-14	5693066.0	2016-03
79	2016-03-15	6186992.0	2016-03
80	2016-03-16	6348635.0	2016-03
81	2016-03-17	6274131.0	2016-03
82	2016-03-18	6255214.0	2016-03
83	2016-03-19	3688400.0	2016-03
84	2016-03-20	2876966.0	2016-03
85	2016-03-21	5763585.0	2016-03
86	2016-03-22	6083762.0	2016-03
87	2016-03-23	6192738.0	2016-03
88	2016-03-24	6224536.0	2016-03
89	2016-03-25	5157847.0	2016-03
90	2016-03-26	3814523.0	2016-03
91	2016-03-27	2784466.0	2016-03
92	2016-03-28	5620152.0	2016-03
93	2016-03-29	6171665.0	2016-03
94	2016-03-30	6275243.0	2016-03
95	2016-03-31	6347232.0	2016-03
96	2016-04-01	6180526.0	2016-04
97	2016-04-02	3668374.0	2016-04
98	2016-04-03	2762065.0	2016-04
99	2016-04-04	5781537.0	2016-04
100	2016-04-05	6167105.0	2016-04
101	2016-04-06	6281029.0	2016-04
102	2016-04-07	6173195.0	2016-04
103	2016-04-08	6245050.0	2016-04
104	2016-04-09	3430753.0	2016-04
105	2016-04-10	2878811.0	2016-04
106	2016-04-11	5909718.0	2016-04
107	2016-04-12	6117156.0	2016-04
108	2016-04-13	6399786.0	2016-04
109	2016-04-14	6366232.0	2016-04
110	2016-04-15	6209291.0	2016-04
111	2016-04-16	3785276.0	2016-04
112	2016-04-17	3013442.0	2016-04
113	2016-04-18	5904879.0	2016-04
114	2016-04-19	6194295.0	2016-04
115	2016-04-20	6286258.0	2016-04
116	2016-04-21	6264899.0	2016-04
117	2016-04-22	5974963.0	2016-04
118	2016-04-23	3544601.0	2016-04
119	2016-04-24	2952570.0	2016-04
120	2016-04-25	5363360.0	2016-04
121	2016-04-26	5603227.0	2016-04
122	2016-04-27	5745543.0	2016-04
123	2016-04-28	5834272.0	2016-04
124	2016-04-29	5546086.0	2016-04
125	2016-04-30	3561984.0	2016-04
126	2016-05-01	2686053.0	2016-05
127	2016-05-02	5739080.0	2016-05
128	2016-05-03	6254728.0	2016-05
129	2016-05-04	6280891.0	2016-05
130	2016-05-05	6285959.0	2016-05
131	2016-05-06	6129762.0	2016-05
132	2016-05-07	3591421.0	2016-05
133	2016-05-08	2801927.0	2016-05
134	2016-05-09	5940437.0	2016-05
135	2016-05-10	6208638.0	2016-05
136	2016-05-11	6280771.0	2016-05
137	2016-05-12	6280546.0	2016-05
138	2016-05-13	6178778.0	2016-05
139	2016-05-14	3805834.0	2016-05
140	2016-05-15	3045010.0	2016-05
141	2016-05-16	6023651.0	2016-05
142	2016-05-17	6286628.0	2016-05
143	2016-05-18	6404240.0	2016-05
144	2016-05-19	6314178.0	2016-05
145	2016-05-20	6177033.0	2016-05
146	2016-05-21	4045080.0	2016-05
147	2016-05-22	2863559.0	2016-05
148	2016-05-23	5922461.0	2016-05
149	2016-05-24	6122206.0	2016-05
150	2016-05-25	6349016.0	2016-05
151	2016-05-26	6301845.0	2016-05
152	2016-05-27	5895510.0	2016-05
153	2016-05-28	3470127.0	2016-05
154	2016-05-29	2942402.0	2016-05
155	2016-05-30	2655196.0	2016-05
156	2016-05-31	5785799.0	2016-05
157	2016-06-01	6236161.0	2016-06
158	2016-06-02	6259674.0	2016-06
159	2016-06-03	6066132.0	2016-06
160	2016-06-04	3670095.0	2016-06
161	2016-06-05	2864809.0	2016-06
162	2016-06-06	5954726.0	2016-06
163	2016-06-07	6244638.0	2016-06
164	2016-06-08	6255548.0	2016-06
165	2016-06-09	6174309.0	2016-06
166	2016-06-10	6138758.0	2016-06
167	2016-06-11	3618735.0	2016-06
168	2016-06-12	3060200.0	2016-06
169	2016-06-13	5758133.0	2016-06
170	2016-06-14	6052782.0	2016-06
171	2016-06-15	6259813.0	2016-06
172	2016-06-16	6169207.0	2016-06
173	2016-06-17	6033886.0	2016-06
174	2016-06-18	3795180.0	2016-06
175	2016-06-19	2875509.0	2016-06
176	2016-06-20	5842469.0	2016-06
177	2016-06-21	6027680.0	2016-06
178	2016-06-22	6134283.0	2016-06
179	2016-06-23	6021627.0	2016-06
180	2016-06-24	5955397.0	2016-06
181	2016-06-25	3773451.0	2016-06
182	2016-06-26	3275191.0	2016-06
183	2016-06-27	5731822.0	2016-06
184	2016-06-28	5886094.0	2016-06
185	2016-06-29	5873272.0	2016-06
186	2016-06-30	5895427.0	2016-06
187	2016-07-01	5306005.0	2016-07
188	2016-07-02	3267260.0	2016-07
189	2016-07-03	2769391.0	2016-07
190	2016-07-04	2672055.0	2016-07
191	2016-07-05	5442045.0	2016-07
192	2016-07-06	5695062.0	2016-07
193	2016-07-07	5754280.0	2016-07
194	2016-07-08	5607223.0	2016-07
195	2016-07-09	3304750.0	2016-07
196	2016-07-10	2817718.0	2016-07
197	2016-07-11	5557789.0	2016-07
198	2016-07-12	5842269.0	2016-07
199	2016-07-13	5965158.0	2016-07
200	2016-07-14	5857787.0	2016-07
201	2016-07-15	5650954.0	2016-07
202	2016-07-16	3488672.0	2016-07
203	2016-07-17	2841315.0	2016-07
204	2016-07-18	5499333.0	2016-07
205	2016-07-19	5904113.0	2016-07
206	2016-07-20	6051295.0	2016-07
207	2016-07-21	5992989.0	2016-07
208	2016-07-22	5889145.0	2016-07
209	2016-07-23	3399247.0	2016-07
210	2016-07-24	2861134.0	2016-07
211	2016-07-25	5428222.0	2016-07
212	2016-07-26	5850555.0	2016-07
213	2016-07-27	5930573.0	2016-07
214	2016-07-28	5877754.0	2016-07
215	2016-07-29	5490550.0	2016-07
216	2016-07-30	3454581.0	2016-07
217	2016-07-31	2587481.0	2016-07
218	2016-08-01	5375894.0	2016-08
219	2016-08-02	5745427.0	2016-08
220	2016-08-03	5898497.0	2016-08
221	2016-08-04	5869233.0	2016-08
222	2016-08-05	5647014.0	2016-08
223	2016-08-06	3340615.0	2016-08
224	2016-08-07	2831388.0	2016-08
225	2016-08-08	5368255.0	2016-08
226	2016-08-09	5711335.0	2016-08
227	2016-08-10	5679291.0	2016-08
228	2016-08-11	5675013.0	2016-08
229	2016-08-12	5391507.0	2016-08
230	2016-08-13	3215392.0	2016-08
231	2016-08-14	2611608.0	2016-08
232	2016-08-15	5189712.0	2016-08
233	2016-08-16	5525072.0	2016-08
234	2016-08-17	5531396.0	2016-08
235	2016-08-18	5525506.0	2016-08
236	2016-08-19	5282368.0	2016-08
237	2016-08-20	3381960.0	2016-08
238	2016-08-21	2690012.0	2016-08
239	2016-08-22	5219135.0	2016-08
240	2016-08-23	5519834.0	2016-08
241	2016-08-24	5484573.0	2016-08
242	2016-08-25	5579499.0	2016-08
243	2016-08-26	5391036.0	2016-08
244	2016-08-27	3377698.0	2016-08
245	2016-08-28	2783746.0	2016-08
246	2016-08-29	5251273.0	2016-08
247	2016-08-30	5551868.0	2016-08
248	2016-08-31	5611588.0	2016-08
249	2016-09-01	5509813.0	2016-09
250	2016-09-02	5255875.0	2016-09
251	2016-09-03	3368211.0	2016-09
252	2016-09-04	2796554.0	2016-09
253	2016-09-05	2749603.0	2016-09
254	2016-09-06	5597162.0	2016-09
255	2016-09-07	6053217.0	2016-09
256	2016-09-08	6370511.0	2016-09
257	2016-09-09	6087305.0	2016-09
258	2016-09-10	3552362.0	2016-09
259	2016-09-11	2929111.0	2016-09
260	2016-09-12	5644397.0	2016-09
261	2016-09-13	6247507.0	2016-09
262	2016-09-14	6428198.0	2016-09
263	2016-09-15	6356368.0	2016-09
264	2016-09-16	6258921.0	2016-09
265	2016-09-17	3633757.0	2016-09
266	2016-09-18	2849272.0	2016-09
267	2016-09-19	5769772.0	2016-09
268	2016-09-20	6363744.0	2016-09
269	2016-09-21	6433407.0	2016-09
270	2016-09-22	6356905.0	2016-09
271	2016-09-23	6240723.0	2016-09
272	2016-09-24	3749483.0	2016-09
273	2016-09-25	2970533.0	2016-09
274	2016-09-26	6029317.0	2016-09
275	2016-09-27	6183788.0	2016-09
276	2016-09-28	6340104.0	2016-09
277	2016-09-29	6305358.0	2016-09
278	2016-09-30	6266462.0	2016-09
279	2016-10-01	3421071.0	2016-10
280	2016-10-02	2779879.0	2016-10
281	2016-10-03	5120692.0	2016-10
282	2016-10-04	5489971.0	2016-10
283	2016-10-05	6330254.0	2016-10
284	2016-10-06	6376062.0	2016-10
285	2016-10-07	6273504.0	2016-10
286	2016-10-08	3608524.0	2016-10
287	2016-10-09	2646520.0	2016-10
288	2016-10-10	4603259.0	2016-10
289	2016-10-11	5948523.0	2016-10
290	2016-10-12	5413944.0	2016-10
291	2016-10-13	6297367.0	2016-10
292	2016-10-14	6315676.0	2016-10
293	2016-10-15	3652112.0	2016-10
294	2016-10-16	2906343.0	2016-10
295	2016-10-17	5808893.0	2016-10
296	2016-10-18	6150645.0	2016-10
297	2016-10-19	6369780.0	2016-10
298	2016-10-20	6320560.0	2016-10
299	2016-10-21	6092939.0	2016-10
300	2016-10-22	3533169.0	2016-10
301	2016-10-23	2927062.0	2016-10
302	2016-10-24	5881378.0	2016-10
303	2016-10-25	6274121.0	2016-10
304	2016-10-26	6384720.0	2016-10
305	2016-10-27	6356150.0	2016-10
306	2016-10-28	6272578.0	2016-10
307	2016-10-29	3679454.0	2016-10
308	2016-10-30	2915115.0	2016-10
309	2016-10-31	5821606.0	2016-10
310	2016-11-01	6319000.0	2016-11
311	2016-11-02	6364269.0	2016-11
312	2016-11-03	6321446.0	2016-11
313	2016-11-04	6379544.0	2016-11
314	2016-11-05	3826332.0	2016-11
315	2016-11-06	3473016.0	2016-11
316	2016-11-07	6065882.0	2016-11
317	2016-11-08	5804666.0	2016-11
318	2016-11-09	6172574.0	2016-11
319	2016-11-10	6383507.0	2016-11
320	2016-11-11	5490526.0	2016-11
321	2016-11-12	3752250.0	2016-11
322	2016-11-13	2853233.0	2016-11
323	2016-11-14	5987974.0	2016-11
324	2016-11-15	6082296.0	2016-11
325	2016-11-16	6388429.0	2016-11
326	2016-11-17	6444130.0	2016-11
327	2016-11-18	6297343.0	2016-11
328	2016-11-19	3736854.0	2016-11
329	2016-11-20	2722862.0	2016-11
330	2016-11-21	5986999.0	2016-11
331	2016-11-22	6231579.0	2016-11
332	2016-11-23	5885769.0	2016-11
333	2016-11-24	2383633.0	2016-11
334	2016-11-25	3626034.0	2016-11
335	2016-11-26	3088973.0	2016-11
336	2016-11-27	2645557.0	2016-11
337	2016-11-28	5908697.0	2016-11
338	2016-11-29	6065906.0	2016-11
339	2016-11-30	6147399.0	2016-11
340	2016-12-01	6350716.0	2016-12
341	2016-12-02	6286351.0	2016-12
342	2016-12-03	3860104.0	2016-12
343	2016-12-04	2953593.0	2016-12
344	2016-12-05	6037621.0	2016-12
345	2016-12-06	6330000.0	2016-12
346	2016-12-07	6325852.0	2016-12
347	2016-12-08	6427591.0	2016-12
348	2016-12-09	6328020.0	2016-12
349	2016-12-10	3963634.0	2016-12
350	2016-12-11	2930739.0	2016-12
351	2016-12-12	5920431.0	2016-12
352	2016-12-13	6217517.0	2016-12
353	2016-12-14	6419760.0	2016-12
354	2016-12-15	6200995.0	2016-12
355	2016-12-16	6110641.0	2016-12
356	2016-12-17	3538427.0	2016-12
357	2016-12-18	2945605.0	2016-12
358	2016-12-19	5903045.0	2016-12
359	2016-12-20	6090803.0	2016-12
360	2016-12-21	6081559.0	2016-12
361	2016-12-22	5798369.0	2016-12
362	2016-12-23	5240841.0	2016-12
363	2016-12-24	2726286.0	2016-12
364	2016-12-25	1925093.0	2016-12
365	2016-12-26	2852252.0	2016-12
366	2016-12-27	4793405.0	2016-12
367	2016-12-28	5122335.0	2016-12
368	2016-12-29	4779523.0	2016-12
369	2016-12-30	5026419.0	2016-12
0	2017-01-01	2627365.0	2017-01
1	2017-01-02	2867392.0	2017-01
2	2017-01-03	5470453.0	2017-01
3	2017-01-04	5894501.0	2017-01
4	2017-01-05	5864375.0	2017-01
5	2017-01-06	5762175.0	2017-01
6	2017-01-07	2947010.0	2017-01
7	2017-01-08	2354452.0	2017-01
8	2017-01-09	5461338.0	2017-01
9	2017-01-10	5760735.0	2017-01
10	2017-01-11	5858501.0	2017-01
11	2017-01-12	5928329.0	2017-01
12	2017-01-13	5906866.0	2017-01
13	2017-01-14	3153635.0	2017-01
14	2017-01-15	2586611.0	2017-01
15	2017-01-16	3527685.0	2017-01
16	2017-01-17	5726793.0	2017-01
17	2017-01-18	5856422.0	2017-01
18	2017-01-19	5988354.0	2017-01
19	2017-01-20	5787812.0	2017-01
20	2017-01-21	3598616.0	2017-01
21	2017-01-22	2451588.0	2017-01
22	2017-01-23	5397499.0	2017-01
23	2017-01-24	5538853.0	2017-01
24	2017-01-25	5887585.0	2017-01
25	2017-01-26	5954348.0	2017-01
26	2017-01-27	5748841.0	2017-01
27	2017-01-28	3302488.0	2017-01
28	2017-01-29	2638352.0	2017-01
29	2017-01-30	5610550.0	2017-01
30	2017-01-31	5930473.0	2017-01
31	2017-02-01	6062857.0	2017-02
32	2017-02-02	6136676.0	2017-02
33	2017-02-03	5987005.0	2017-02
34	2017-02-04	3294436.0	2017-02
35	2017-02-05	2526458.0	2017-02
36	2017-02-06	5950227.0	2017-02
37	2017-02-07	5991965.0	2017-02
38	2017-02-08	6202535.0	2017-02
39	2017-02-09	3292289.0	2017-02
40	2017-02-10	5954746.0	2017-02
41	2017-02-11	3439346.0	2017-02
42	2017-02-12	2383265.0	2017-02
43	2017-02-13	5683636.0	2017-02
44	2017-02-14	6156912.0	2017-02
45	2017-02-15	6180914.0	2017-02
46	2017-02-16	6046513.0	2017-02
47	2017-02-17	5922012.0	2017-02
48	2017-02-18	3426501.0	2017-02
49	2017-02-19	2859056.0	2017-02
50	2017-02-20	3477039.0	2017-02
51	2017-02-21	5618213.0	2017-02
52	2017-02-22	6011107.0	2017-02
53	2017-02-23	5915794.0	2017-02
54	2017-02-24	5769004.0	2017-02
55	2017-02-25	3317158.0	2017-02
56	2017-02-26	2564578.0	2017-02
57	2017-02-27	5806221.0	2017-02
58	2017-02-28	6093078.0	2017-02
59	2017-03-01	6164299.0	2017-03
60	2017-03-02	6261258.0	2017-03
61	2017-03-03	6166869.0	2017-03
62	2017-03-04	3335003.0	2017-03
63	2017-03-05	2533953.0	2017-03
64	2017-03-06	6112806.0	2017-03
65	2017-03-07	6163546.0	2017-03
66	2017-03-08	6302101.0	2017-03
67	2017-03-09	6417576.0	2017-03
68	2017-03-10	5980718.0	2017-03
69	2017-03-11	3393103.0	2017-03
70	2017-03-12	2529807.0	2017-03
71	2017-03-13	6047116.0	2017-03
72	2017-03-14	1618514.0	2017-03
73	2017-03-15	5614254.0	2017-03
74	2017-03-16	6448587.0	2017-03
75	2017-03-17	6713785.0	2017-03
76	2017-03-18	3598022.0	2017-03
77	2017-03-19	2881686.0	2017-03
78	2017-03-20	6062728.0	2017-03
79	2017-03-21	6374779.0	2017-03
80	2017-03-22	6346509.0	2017-03
81	2017-03-23	6247616.0	2017-03
82	2017-03-24	6184961.0	2017-03
83	2017-03-25	3572533.0	2017-03
84	2017-03-26	2726658.0	2017-03
85	2017-03-27	5829043.0	2017-03
86	2017-03-28	6128874.0	2017-03
87	2017-03-29	6408961.0	2017-03
88	2017-03-30	6389650.0	2017-03
89	2017-03-31	6065358.0	2017-03
90	2017-04-01	3441695.0	2017-04
91	2017-04-02	2947764.0	2017-04
92	2017-04-03	6016717.0	2017-04
93	2017-04-04	6109097.0	2017-04
94	2017-04-05	6569507.0	2017-04
95	2017-04-06	6155749.0	2017-04
96	2017-04-07	6233744.0	2017-04
97	2017-04-08	3687590.0	2017-04
98	2017-04-09	3042330.0	2017-04
99	2017-04-10	5543029.0	2017-04
100	2017-04-11	5751980.0	2017-04
101	2017-04-12	5807176.0	2017-04
102	2017-04-13	5952962.0	2017-04
103	2017-04-14	5268198.0	2017-04
104	2017-04-15	3515960.0	2017-04
105	2017-04-16	2794548.0	2017-04
106	2017-04-17	5290835.0	2017-04
107	2017-04-18	5735931.0	2017-04
108	2017-04-19	6276095.0	2017-04
109	2017-04-20	6240761.0	2017-04
110	2017-04-21	6185949.0	2017-04
111	2017-04-22	3814324.0	2017-04
112	2017-04-23	2954621.0	2017-04
113	2017-04-24	5887641.0	2017-04
114	2017-04-25	6142452.0	2017-04
115	2017-04-26	6287954.0	2017-04
116	2017-04-27	6363974.0	2017-04
117	2017-04-28	6249152.0	2017-04
118	2017-04-29	3855171.0	2017-04
119	2017-04-30	2990994.0	2017-04
120	2017-05-01	5878404.0	2017-05
121	2017-05-02	6361648.0	2017-05
122	2017-05-03	6363179.0	2017-05
123	2017-05-04	6417332.0	2017-05
124	2017-05-05	5942722.0	2017-05
125	2017-05-06	3543324.0	2017-05
126	2017-05-07	2858812.0	2017-05
127	2017-05-08	5936113.0	2017-05
128	2017-05-09	6236576.0	2017-05
129	2017-05-10	6349558.0	2017-05
130	2017-05-11	6377579.0	2017-05
131	2017-05-12	6242056.0	2017-05
132	2017-05-13	3195171.0	2017-05
133	2017-05-14	2638001.0	2017-05
134	2017-05-15	5909057.0	2017-05
135	2017-05-16	6526086.0	2017-05
136	2017-05-17	6427620.0	2017-05
137	2017-05-18	6471558.0	2017-05
138	2017-05-19	6371482.0	2017-05
139	2017-05-20	3814052.0	2017-05
140	2017-05-21	3021307.0	2017-05
141	2017-05-22	5798149.0	2017-05
142	2017-05-23	6202874.0	2017-05
143	2017-05-24	6322002.0	2017-05
144	2017-05-25	6240423.0	2017-05
145	2017-05-26	5836199.0	2017-05
146	2017-05-27	3405079.0	2017-05
147	2017-05-28	2781963.0	2017-05
148	2017-05-29	2484100.0	2017-05
149	2017-05-30	5874306.0	2017-05
150	2017-05-31	5990967.0	2017-05
151	2017-06-01	6222861.0	2017-06
152	2017-06-02	6080913.0	2017-06
153	2017-06-03	3693329.0	2017-06
154	2017-06-04	2931913.0	2017-06
155	2017-06-05	5945298.0	2017-06
156	2017-06-06	6234531.0	2017-06
157	2017-06-07	6324298.0	2017-06
158	2017-06-08	6201959.0	2017-06
159	2017-06-09	6254348.0	2017-06
160	2017-06-10	3685043.0	2017-06
161	2017-06-11	3123374.0	2017-06
162	2017-06-12	5867767.0	2017-06
163	2017-06-13	6199293.0	2017-06
164	2017-06-14	6340404.0	2017-06
165	2017-06-15	6292998.0	2017-06
166	2017-06-16	5985807.0	2017-06
167	2017-06-17	3451120.0	2017-06
168	2017-06-18	2773214.0	2017-06
169	2017-06-19	5691682.0	2017-06
170	2017-06-20	6003211.0	2017-06
171	2017-06-21	6335501.0	2017-06
172	2017-06-22	6143744.0	2017-06
173	2017-06-23	5899402.0	2017-06
174	2017-06-24	3570455.0	2017-06
175	2017-06-25	3317508.0	2017-06
176	2017-06-26	5664934.0	2017-06
177	2017-06-27	6004887.0	2017-06
178	2017-06-28	6115236.0	2017-06
179	2017-06-29	5993729.0	2017-06
180	2017-06-30	5781641.0	2017-06
181	2017-07-01	3164801.0	2017-07
182	2017-07-02	2761510.0	2017-07
183	2017-07-03	4159808.0	2017-07
184	2017-07-04	2872269.0	2017-07
185	2017-07-05	5427998.0	2017-07
186	2017-07-06	5868433.0	2017-07
187	2017-07-07	5466244.0	2017-07
188	2017-07-08	3493671.0	2017-07
189	2017-07-09	2840272.0	2017-07
190	2017-07-10	5556760.0	2017-07
191	2017-07-11	5914578.0	2017-07
192	2017-07-12	5903022.0	2017-07
193	2017-07-13	5963324.0	2017-07
194	2017-07-14	5611760.0	2017-07
195	2017-07-15	3550039.0	2017-07
196	2017-07-16	2944947.0	2017-07
197	2017-07-17	5635018.0	2017-07
198	2017-07-18	5893125.0	2017-07
199	2017-07-19	6113119.0	2017-07
200	2017-07-20	5931587.0	2017-07
201	2017-07-21	5690977.0	2017-07
202	2017-07-22	3443393.0	2017-07
203	2017-07-23	2749921.0	2017-07
204	2017-07-24	5359620.0	2017-07
205	2017-07-25	5811829.0	2017-07
206	2017-07-26	5992719.0	2017-07
207	2017-07-27	5984990.0	2017-07
208	2017-07-28	5699794.0	2017-07
209	2017-07-29	3368191.0	2017-07
210	2017-07-30	2881279.0	2017-07
211	2017-07-31	5507869.0	2017-07
212	2017-08-01	5810607.0	2017-08
213	2017-08-02	5861414.0	2017-08
214	2017-08-03	5821078.0	2017-08
215	2017-08-04	5622524.0	2017-08
216	2017-08-05	3399046.0	2017-08
217	2017-08-06	2834763.0	2017-08
218	2017-08-07	5276898.0	2017-08
219	2017-08-08	5794404.0	2017-08
220	2017-08-09	5918808.0	2017-08
221	2017-08-10	5913875.0	2017-08
222	2017-08-11	5625834.0	2017-08
223	2017-08-12	3354480.0	2017-08
224	2017-08-13	2855352.0	2017-08
225	2017-08-14	5286227.0	2017-08
226	2017-08-15	5546684.0	2017-08
227	2017-08-16	5640757.0	2017-08
228	2017-08-17	5638753.0	2017-08
229	2017-08-18	5209086.0	2017-08
230	2017-08-19	3255473.0	2017-08
231	2017-08-20	2743797.0	2017-08
232	2017-08-21	5037021.0	2017-08
233	2017-08-22	5355279.0	2017-08
234	2017-08-23	5436972.0	2017-08
235	2017-08-24	5472456.0	2017-08
236	2017-08-25	5395173.0	2017-08
237	2017-08-26	3392317.0	2017-08
238	2017-08-27	2687271.0	2017-08
239	2017-08-28	5234442.0	2017-08
240	2017-08-29	5601912.0	2017-08
241	2017-08-30	5617191.0	2017-08
242	2017-08-31	5680430.0	2017-08
243	2017-09-01	5275434.0	2017-09
244	2017-09-02	3179347.0	2017-09
245	2017-09-03	2437416.0	2017-09
246	2017-09-04	2821876.0	2017-09
247	2017-09-05	5592989.0	2017-09
248	2017-09-06	5880041.0	2017-09
249	2017-09-07	6133503.0	2017-09
250	2017-09-08	6112095.0	2017-09
251	2017-09-09	3684192.0	2017-09
252	2017-09-10	2855464.0	2017-09
253	2017-09-11	6145212.0	2017-09
254	2017-09-12	6284796.0	2017-09
255	2017-09-13	6428194.0	2017-09
256	2017-09-14	6409553.0	2017-09
257	2017-09-15	6257226.0	2017-09
258	2017-09-16	3736897.0	2017-09
259	2017-09-17	2981203.0	2017-09
260	2017-09-18	6049378.0	2017-09
261	2017-09-19	6336067.0	2017-09
262	2017-09-20	6195173.0	2017-09
263	2017-09-21	5624334.0	2017-09
264	2017-09-22	5591586.0	2017-09
265	2017-09-23	3783177.0	2017-09
266	2017-09-24	2911840.0	2017-09
267	2017-09-25	5864251.0	2017-09
268	2017-09-26	6222640.0	2017-09
269	2017-09-27	6286323.0	2017-09
270	2017-09-28	6329872.0	2017-09
271	2017-09-29	6080006.0	2017-09
272	2017-09-30	3525950.0	2017-09
273	2017-10-01	2828323.0	2017-10
274	2017-10-02	5916217.0	2017-10
275	2017-10-03	6290941.0	2017-10
276	2017-10-04	6368210.0	2017-10
277	2017-10-05	6231975.0	2017-10
278	2017-10-06	6083128.0	2017-10
279	2017-10-07	3601207.0	2017-10
280	2017-10-08	2797397.0	2017-10
281	2017-10-09	4437575.0	2017-10
282	2017-10-10	6243520.0	2017-10
283	2017-10-11	6338028.0	2017-10
284	2017-10-12	6257043.0	2017-10
285	2017-10-13	6191175.0	2017-10
286	2017-10-14	3564373.0	2017-10
287	2017-10-15	2852930.0	2017-10
288	2017-10-16	6116340.0	2017-10
289	2017-10-17	6313106.0	2017-10
290	2017-10-18	6368767.0	2017-10
291	2017-10-19	6450908.0	2017-10
292	2017-10-20	6248727.0	2017-10
293	2017-10-21	3710601.0	2017-10
294	2017-10-22	2885084.0	2017-10
295	2017-10-23	5931860.0	2017-10
296	2017-10-24	6136426.0	2017-10
297	2017-10-25	6390497.0	2017-10
298	2017-10-26	6437615.0	2017-10
299	2017-10-27	6336619.0	2017-10
300	2017-10-28	3690252.0	2017-10
301	2017-10-29	2460334.0	2017-10
302	2017-10-30	5858264.0	2017-10
303	2017-10-31	6224163.0	2017-10
304	2017-11-01	6369149.0	2017-11
305	2017-11-02	6376885.0	2017-11
306	2017-11-03	6347632.0	2017-11
307	2017-11-04	3685383.0	2017-11
308	2017-11-05	3232619.0	2017-11
309	2017-11-06	6035378.0	2017-11
310	2017-11-07	5921665.0	2017-11
311	2017-11-08	6340660.0	2017-11
312	2017-11-09	6391173.0	2017-11
313	2017-11-10	5817814.0	2017-11
314	2017-11-11	3436285.0	2017-11
315	2017-11-12	2687568.0	2017-11
316	2017-11-13	6009398.0	2017-11
317	2017-11-14	6297304.0	2017-11
318	2017-11-15	6337701.0	2017-11
319	2017-11-16	6299672.0	2017-11
320	2017-11-17	6279224.0	2017-11
321	2017-11-18	3400743.0	2017-11
322	2017-11-19	2724510.0	2017-11
323	2017-11-20	6157587.0	2017-11
324	2017-11-21	6188879.0	2017-11
325	2017-11-22	5886457.0	2017-11
326	2017-11-23	2364362.0	2017-11
327	2017-11-24	3610139.0	2017-11
328	2017-11-25	3172336.0	2017-11
329	2017-11-26	2485114.0	2017-11
330	2017-11-27	5853160.0	2017-11
331	2017-11-28	6267788.0	2017-11
332	2017-11-29	6319298.0	2017-11
333	2017-11-30	6363983.0	2017-11
334	2017-12-01	6306294.0	2017-12
335	2017-12-02	3746033.0	2017-12
336	2017-12-03	2817284.0	2017-12
337	2017-12-04	6051501.0	2017-12
338	2017-12-05	6251517.0	2017-12
339	2017-12-06	6426585.0	2017-12
340	2017-12-07	6449513.0	2017-12
341	2017-12-08	6436828.0	2017-12
342	2017-12-09	3475458.0	2017-12
343	2017-12-10	2919288.0	2017-12
344	2017-12-11	5935221.0	2017-12
345	2017-12-12	6211960.0	2017-12
346	2017-12-13	6139252.0	2017-12
347	2017-12-14	6274227.0	2017-12
348	2017-12-15	6145840.0	2017-12
349	2017-12-16	3823255.0	2017-12
350	2017-12-17	2915703.0	2017-12
351	2017-12-18	5941847.0	2017-12
352	2017-12-19	6282898.0	2017-12
353	2017-12-20	6231143.0	2017-12
354	2017-12-21	6033919.0	2017-12
355	2017-12-22	5481597.0	2017-12
356	2017-12-23	2948003.0	2017-12
357	2017-12-24	2554335.0	2017-12
358	2017-12-25	1793152.0	2017-12
359	2017-12-26	3999832.0	2017-12
360	2017-12-27	4687853.0	2017-12
361	2017-12-28	4672737.0	2017-12
362	2017-12-29	4530424.0	2017-12
0	2017-12-31	2493955.0	2017-12
1	2018-01-01	2087133.0	2018-01
2	2018-01-02	5122646.0	2018-01
3	2018-01-03	5772269.0	2018-01
4	2018-01-04	3132884.0	2018-01
5	2018-01-05	4925593.0	2018-01
6	2018-01-06	2607072.0	2018-01
7	2018-01-07	2136645.0	2018-01
8	2018-01-08	5484121.0	2018-01
9	2018-01-09	5888093.0	2018-01
10	2018-01-10	5869194.0	2018-01
11	2018-01-11	5873968.0	2018-01
12	2018-01-12	5527664.0	2018-01
13	2018-01-13	3222704.0	2018-01
14	2018-01-14	2373009.0	2018-01
15	2018-01-15	3368167.0	2018-01
16	2018-01-16	5667044.0	2018-01
17	2018-01-17	5720512.0	2018-01
18	2018-01-18	5935030.0	2018-01
19	2018-01-19	5761439.0	2018-01
20	2018-01-20	3429841.0	2018-01
21	2018-01-21	2432342.0	2018-01
22	2018-01-22	5523385.0	2018-01
23	2018-01-23	5673676.0	2018-01
24	2018-01-24	5815627.0	2018-01
25	2018-01-25	5920334.0	2018-01
26	2018-01-26	5696507.0	2018-01
27	2018-01-27	3263048.0	2018-01
28	2018-01-28	2394273.0	2018-01
29	2018-01-29	5745258.0	2018-01
30	2018-01-30	6073692.0	2018-01
31	2018-01-31	6005779.0	2018-01
32	2018-02-01	6091384.0	2018-02
33	2018-02-02	5803516.0	2018-02
34	2018-02-03	3102250.0	2018-02
35	2018-02-04	2305996.0	2018-02
36	2018-02-05	5677558.0	2018-02
37	2018-02-06	5998316.0	2018-02
38	2018-02-07	5781649.0	2018-02
39	2018-02-08	6217623.0	2018-02
40	2018-02-09	5909277.0	2018-02
41	2018-02-10	3128657.0	2018-02
42	2018-02-11	2220569.0	2018-02
43	2018-02-12	5592123.0	2018-02
44	2018-02-13	6034255.0	2018-02
45	2018-02-14	6264382.0	2018-02
46	2018-02-15	6112056.0	2018-02
47	2018-02-16	5428619.0	2018-02
48	2018-02-17	3032379.0	2018-02
49	2018-02-18	2457988.0	2018-02
50	2018-02-19	3252496.0	2018-02
51	2018-02-20	5535377.0	2018-02
52	2018-02-21	5739686.0	2018-02
53	2018-02-22	5719516.0	2018-02
54	2018-02-23	5630539.0	2018-02
55	2018-02-24	3330714.0	2018-02
56	2018-02-25	2346390.0	2018-02
57	2018-02-26	5717946.0	2018-02
58	2018-02-27	6026749.0	2018-02
59	2018-02-28	6172005.0	2018-02
60	2018-03-01	6020498.0	2018-03
61	2018-03-02	5301465.0	2018-03
62	2018-03-03	3165715.0	2018-03
63	2018-03-04	2549887.0	2018-03
64	2018-03-05	5901165.0	2018-03
65	2018-03-06	6162429.0	2018-03
66	2018-03-07	4431844.0	2018-03
67	2018-03-08	5775441.0	2018-03
68	2018-03-09	6147755.0	2018-03
69	2018-03-10	3435988.0	2018-03
70	2018-03-11	2501771.0	2018-03
71	2018-03-12	5747564.0	2018-03
72	2018-03-13	5703346.0	2018-03
73	2018-03-14	6253477.0	2018-03
74	2018-03-15	6246393.0	2018-03
75	2018-03-16	6208665.0	2018-03
76	2018-03-17	3511616.0	2018-03
77	2018-03-18	2789854.0	2018-03
78	2018-03-19	5707384.0	2018-03
79	2018-03-20	5996557.0	2018-03
80	2018-03-21	3510296.0	2018-03
81	2018-03-22	5498432.0	2018-03
82	2018-03-23	6109059.0	2018-03
83	2018-03-24	3583214.0	2018-03
84	2018-03-25	2682071.0	2018-03
85	2018-03-26	5821232.0	2018-03
86	2018-03-27	6197474.0	2018-03
87	2018-03-28	6153627.0	2018-03
88	2018-03-29	6134816.0	2018-03
89	2018-03-30	5056795.0	2018-03
90	2018-03-31	3378184.0	2018-03
91	2018-04-01	2547315.0	2018-04
92	2018-04-02	4857869.0	2018-04
93	2018-04-03	5666042.0	2018-04
94	2018-04-04	5669466.0	2018-04
95	2018-04-05	5825420.0	2018-04
96	2018-04-06	5510658.0	2018-04
97	2018-04-07	3378486.0	2018-04
98	2018-04-08	2690190.0	2018-04
99	2018-04-09	5737830.0	2018-04
100	2018-04-10	6034789.0	2018-04
101	2018-04-11	6202872.0	2018-04
102	2018-04-12	6182235.0	2018-04
103	2018-04-13	6035346.0	2018-04
104	2018-04-14	3760047.0	2018-04
105	2018-04-15	2573774.0	2018-04
106	2018-04-16	5305067.0	2018-04
107	2018-04-17	6115992.0	2018-04
108	2018-04-18	6213171.0	2018-04
109	2018-04-19	6230764.0	2018-04
110	2018-04-20	6192390.0	2018-04
111	2018-04-21	3602920.0	2018-04
112	2018-04-22	2898701.0	2018-04
113	2018-04-23	5811071.0	2018-04
114	2018-04-24	6170248.0	2018-04
115	2018-04-25	6131879.0	2018-04
116	2018-04-26	6428119.0	2018-04
117	2018-04-27	6072171.0	2018-04
118	2018-04-28	3512967.0	2018-04
119	2018-04-29	2856397.0	2018-04
120	2018-04-30	6053484.0	2018-04
121	2018-05-01	6182791.0	2018-05
122	2018-05-02	6280581.0	2018-05
123	2018-05-03	6390114.0	2018-05
124	2018-05-04	6201087.0	2018-05
125	2018-05-05	3587453.0	2018-05
126	2018-05-06	2737551.0	2018-05
127	2018-05-07	5801808.0	2018-05
128	2018-05-08	6172040.0	2018-05
129	2018-05-09	6406690.0	2018-05
130	2018-05-10	6255017.0	2018-05
131	2018-05-11	6123310.0	2018-05
132	2018-05-12	3384776.0	2018-05
133	2018-05-13	2511113.0	2018-05
134	2018-05-14	5849423.0	2018-05
135	2018-05-15	6220026.0	2018-05
136	2018-05-16	6240462.0	2018-05
137	2018-05-17	6199196.0	2018-05
138	2018-05-18	6098671.0	2018-05
139	2018-05-19	3331863.0	2018-05
140	2018-05-20	2724007.0	2018-05
141	2018-05-21	5706361.0	2018-05
142	2018-05-22	6171833.0	2018-05
143	2018-05-23	6357477.0	2018-05
144	2018-05-24	6291979.0	2018-05
145	2018-05-25	5764349.0	2018-05
146	2018-05-26	3167653.0	2018-05
147	2018-05-27	2402371.0	2018-05
148	2018-05-28	2611770.0	2018-05
149	2018-05-29	5764904.0	2018-05
150	2018-05-30	6083296.0	2018-05
151	2018-05-31	6084101.0	2018-05
152	2018-06-01	5925921.0	2018-06
153	2018-06-02	3385114.0	2018-06
154	2018-06-03	2785031.0	2018-06
155	2018-06-04	5712926.0	2018-06
156	2018-06-05	6012827.0	2018-06
157	2018-06-06	6183440.0	2018-06
158	2018-06-07	6007038.0	2018-06
159	2018-06-08	6024971.0	2018-06
160	2018-06-09	3507591.0	2018-06
161	2018-06-10	2766994.0	2018-06
162	2018-06-11	5833503.0	2018-06
163	2018-06-12	6091444.0	2018-06
164	2018-06-13	6115154.0	2018-06
165	2018-06-14	6120541.0	2018-06
166	2018-06-15	5748895.0	2018-06
167	2018-06-16	3517701.0	2018-06
168	2018-06-17	2699705.0	2018-06
169	2018-06-18	5679816.0	2018-06
170	2018-06-19	5964944.0	2018-06
171	2018-06-20	6181940.0	2018-06
172	2018-06-21	6071082.0	2018-06
173	2018-06-22	5877874.0	2018-06
174	2018-06-23	3305944.0	2018-06
175	2018-06-24	3097399.0	2018-06
176	2018-06-25	5638052.0	2018-06
177	2018-06-26	5955315.0	2018-06
178	2018-06-27	5960206.0	2018-06
179	2018-06-28	5708313.0	2018-06
180	2018-06-29	5635891.0	2018-06
181	2018-06-30	3326751.0	2018-06
182	2018-07-01	2534763.0	2018-07
183	2018-07-02	5157503.0	2018-07
184	2018-07-03	5373714.0	2018-07
185	2018-07-04	2738682.0	2018-07
186	2018-07-05	5074183.0	2018-07
187	2018-07-06	4893463.0	2018-07
188	2018-07-07	3200556.0	2018-07
189	2018-07-08	2601000.0	2018-07
190	2018-07-09	5499914.0	2018-07
191	2018-07-10	5879551.0	2018-07
192	2018-07-11	5849881.0	2018-07
193	2018-07-12	5866213.0	2018-07
194	2018-07-13	5716679.0	2018-07
195	2018-07-14	3381151.0	2018-07
196	2018-07-15	2699614.0	2018-07
197	2018-07-16	5464055.0	2018-07
198	2018-07-17	5655666.0	2018-07
199	2018-07-18	5818066.0	2018-07
200	2018-07-19	5886444.0	2018-07
201	2018-07-20	5625254.0	2018-07
202	2018-07-21	3289876.0	2018-07
203	2018-07-22	2562376.0	2018-07
204	2018-07-23	5321825.0	2018-07
205	2018-07-24	5750880.0	2018-07
206	2018-07-25	5726787.0	2018-07
207	2018-07-26	5819399.0	2018-07
208	2018-07-27	5629553.0	2018-07
209	2018-07-28	3204239.0	2018-07
210	2018-07-29	2750646.0	2018-07
211	2018-07-30	5478023.0	2018-07
212	2018-07-31	5669011.0	2018-07
213	2018-08-01	5804701.0	2018-08
214	2018-08-02	5720821.0	2018-08
215	2018-08-03	5388739.0	2018-08
216	2018-08-04	3131006.0	2018-08
217	2018-08-05	2665833.0	2018-08
218	2018-08-06	5268438.0	2018-08
219	2018-08-07	5635322.0	2018-08
220	2018-08-08	5611430.0	2018-08
221	2018-08-09	5629729.0	2018-08
222	2018-08-10	5506024.0	2018-08
223	2018-08-11	2887497.0	2018-08
224	2018-08-12	2510071.0	2018-08
225	2018-08-13	5028273.0	2018-08
226	2018-08-14	5478476.0	2018-08
227	2018-08-15	5593896.0	2018-08
228	2018-08-16	5565701.0	2018-08
229	2018-08-17	5265913.0	2018-08
230	2018-08-18	3008686.0	2018-08
231	2018-08-19	2412027.0	2018-08
232	2018-08-20	5118006.0	2018-08
233	2018-08-21	5314017.0	2018-08
234	2018-08-22	5366056.0	2018-08
235	2018-08-23	5528864.0	2018-08
236	2018-08-24	5202512.0	2018-08
237	2018-08-25	3133343.0	2018-08
238	2018-08-26	2585206.0	2018-08
239	2018-08-27	5153969.0	2018-08
240	2018-08-28	5422270.0	2018-08
241	2018-08-29	5478331.0	2018-08
242	2018-08-30	5518828.0	2018-08
243	2018-08-31	5193631.0	2018-08
244	2018-09-01	3001865.0	2018-09
245	2018-09-02	2584088.0	2018-09
246	2018-09-03	2583904.0	2018-09
247	2018-09-04	5422485.0	2018-09
248	2018-09-05	5933685.0	2018-09
249	2018-09-06	6035463.0	2018-09
250	2018-09-07	5879192.0	2018-09
251	2018-09-08	3417715.0	2018-09
252	2018-09-09	2500596.0	2018-09
253	2018-09-10	4845286.0	2018-09
254	2018-09-11	5336849.0	2018-09
255	2018-09-12	6233706.0	2018-09
256	2018-09-13	6258389.0	2018-09
257	2018-09-14	6106412.0	2018-09
258	2018-09-15	3527181.0	2018-09
259	2018-09-16	2799702.0	2018-09
260	2018-09-17	5812764.0	2018-09
261	2018-09-18	5768176.0	2018-09
262	2018-09-19	5362501.0	2018-09
263	2018-09-20	6331180.0	2018-09
264	2018-09-21	6134483.0	2018-09
265	2018-09-22	3723061.0	2018-09
266	2018-09-23	2768801.0	2018-09
267	2018-09-24	5787614.0	2018-09
268	2018-09-25	5982025.0	2018-09
269	2018-09-26	6443644.0	2018-09
270	2018-09-27	6353948.0	2018-09
271	2018-09-28	6037333.0	2018-09
272	2018-09-29	3464079.0	2018-09
273	2018-09-30	2790317.0	2018-09
274	2018-10-01	5785861.0	2018-10
275	2018-10-02	6070833.0	2018-10
276	2018-10-03	6284099.0	2018-10
277	2018-10-04	6363302.0	2018-10
278	2018-10-05	6234927.0	2018-10
279	2018-10-06	3729476.0	2018-10
280	2018-10-07	2866109.0	2018-10
281	2018-10-08	4495446.0	2018-10
282	2018-10-09	6245558.0	2018-10
283	2018-10-10	6359126.0	2018-10
284	2018-10-11	6167299.0	2018-10
285	2018-10-12	6291529.0	2018-10
286	2018-10-13	3453590.0	2018-10
287	2018-10-14	2750455.0	2018-10
288	2018-10-15	5758384.0	2018-10
289	2018-10-16	6197496.0	2018-10
290	2018-10-17	6272983.0	2018-10
291	2018-10-18	6302606.0	2018-10
292	2018-10-19	6085859.0	2018-10
293	2018-10-20	3519048.0	2018-10
294	2018-10-21	2723830.0	2018-10
295	2018-10-22	5851901.0	2018-10
296	2018-10-23	6256417.0	2018-10
297	2018-10-24	6284467.0	2018-10
298	2018-10-25	6447052.0	2018-10
299	2018-10-26	6218676.0	2018-10
300	2018-10-27	3078679.0	2018-10
301	2018-10-28	2731507.0	2018-10
302	2018-10-29	5859704.0	2018-10
303	2018-10-30	6291519.0	2018-10
304	2018-10-31	6275710.0	2018-10
305	2018-11-01	6657528.0	2018-11
306	2018-11-02	6173849.0	2018-11
307	2018-11-03	3616179.0	2018-11
308	2018-11-04	3270059.0	2018-11
309	2018-11-05	5924404.0	2018-11
310	2018-11-06	5608270.0	2018-11
311	2018-11-07	6248965.0	2018-11
312	2018-11-08	6436446.0	2018-11
313	2018-11-09	6036814.0	2018-11
314	2018-11-10	3369766.0	2018-11
315	2018-11-11	2669316.0	2018-11
316	2018-11-12	5044862.0	2018-11
317	2018-11-13	6069352.0	2018-11
318	2018-11-14	6261789.0	2018-11
319	2018-11-15	6294375.0	2018-11
320	2018-11-16	5848861.0	2018-11
321	2018-11-17	3552814.0	2018-11
322	2018-11-18	2594456.0	2018-11
323	2018-11-19	5955543.0	2018-11
324	2018-11-20	6152065.0	2018-11
325	2018-11-21	5686484.0	2018-11
326	2018-11-22	2166959.0	2018-11
327	2018-11-23	3495037.0	2018-11
328	2018-11-24	2858792.0	2018-11
329	2018-11-25	2456350.0	2018-11
330	2018-11-26	5801643.0	2018-11
331	2018-11-27	6163954.0	2018-11
332	2018-11-28	6243256.0	2018-11
333	2018-11-29	6330155.0	2018-11
334	2018-11-30	6206879.0	2018-11
335	2018-12-01	3567437.0	2018-12
336	2018-12-02	2606451.0	2018-12
337	2018-12-03	6052749.0	2018-12
338	2018-12-04	6349728.0	2018-12
339	2018-12-05	6260946.0	2018-12
340	2018-12-06	6369619.0	2018-12
341	2018-12-07	6215806.0	2018-12
342	2018-12-08	3752503.0	2018-12
343	2018-12-09	2771454.0	2018-12
344	2018-12-10	6008436.0	2018-12
345	2018-12-11	6190740.0	2018-12
346	2018-12-12	6269333.0	2018-12
347	2018-12-13	6144695.0	2018-12
348	2018-12-14	6249682.0	2018-12
349	2018-12-15	3619746.0	2018-12
350	2018-12-16	2757569.0	2018-12
351	2018-12-17	5911036.0	2018-12
352	2018-12-18	6133579.0	2018-12
353	2018-12-19	6147132.0	2018-12
354	2018-12-20	6198499.0	2018-12
355	2018-12-21	5388029.0	2018-12
356	2018-12-22	3480878.0	2018-12
357	2018-12-23	2838713.0	2018-12
358	2018-12-24	3434052.0	2018-12
359	2018-12-25	1806148.0	2018-12
360	2018-12-26	4132122.0	2018-12
361	2018-12-27	4798979.0	2018-12
362	2018-12-28	4347716.0	2018-12
34	2018-12-29	3509233.0	2018-12
35	2018-12-30	2923761.0	2018-12
36	2018-12-31	3935870.0	2018-12
37	2019-01-01	2381036.0	2019-01
38	2019-01-02	5313996.0	2019-01
39	2019-01-03	5708684.0	2019-01
40	2019-01-04	5580026.0	2019-01
41	2019-01-05	2880013.0	2019-01
42	2019-01-06	2390525.0	2019-01
43	2019-01-07	5577464.0	2019-01
44	2019-01-08	5693156.0	2019-01
45	2019-01-09	5773861.0	2019-01
46	2019-01-10	5745609.0	2019-01
47	2019-01-11	5733685.0	2019-01
48	2019-01-12	3005717.0	2019-01
49	2019-01-13	2317513.0	2019-01
50	2019-01-14	5455421.0	2019-01
51	2019-01-15	5884058.0	2019-01
52	2019-01-16	5975290.0	2019-01
53	2019-01-17	5821272.0	2019-01
54	2019-01-18	5493668.0	2019-01
55	2019-01-19	2928342.0	2019-01
56	2019-01-20	2036118.0	2019-01
57	2019-01-21	2606230.0	2019-01
58	2019-01-22	5371569.0	2019-01
59	2019-01-23	5719363.0	2019-01
60	2019-01-24	5632420.0	2019-01
61	2019-01-25	5799368.0	2019-01
62	2019-01-26	3166019.0	2019-01
63	2019-01-27	2427599.0	2019-01
64	2019-01-28	5574957.0	2019-01
65	2019-01-29	5949399.0	2019-01
66	2019-01-30	5729091.0	2019-01
67	2019-01-31	5227923.0	2019-01
68	2019-02-01	5546752.0	2019-02
69	2019-02-02	2992639.0	2019-02
70	2019-02-03	2343962.0	2019-02
71	2019-02-04	5695857.0	2019-02
72	2019-02-05	5678149.0	2019-02
73	2019-02-06	6084759.0	2019-02
74	2019-02-07	6029857.0	2019-02
75	2019-02-08	5927660.0	2019-02
76	2019-02-09	3133061.0	2019-02
77	2019-02-10	2478516.0	2019-02
78	2019-02-11	5710167.0	2019-02
79	2019-02-12	5254661.0	2019-02
80	2019-02-13	6028725.0	2019-02
81	2019-02-14	6184032.0	2019-02
82	2019-02-15	5741078.0	2019-02
83	2019-02-16	3221294.0	2019-02
84	2019-02-17	2529380.0	2019-02
85	2019-02-18	3218137.0	2019-02
86	2019-02-19	5564970.0	2019-02
87	2019-02-20	5512289.0	2019-02
88	2019-02-21	5721829.0	2019-02
89	2019-02-22	5578371.0	2019-02
90	2019-02-23	3158492.0	2019-02
91	2019-02-24	2303391.0	2019-02
92	2019-02-25	5711112.0	2019-02
93	2019-02-26	6127226.0	2019-02
94	2019-02-27	6043801.0	2019-02
95	2019-02-28	6058010.0	2019-02
96	2019-03-01	5949139.0	2019-03
97	2019-03-02	3025218.0	2019-03
98	2019-03-03	2440196.0	2019-03
99	2019-03-04	4520320.0	2019-03
100	2019-03-05	6339428.0	2019-03
101	2019-03-06	6146482.0	2019-03
102	2019-03-07	6200233.0	2019-03
103	2019-03-08	6094705.0	2019-03
104	2019-03-09	3479167.0	2019-03
105	2019-03-10	2207489.0	2019-03
106	2019-03-11	5887012.0	2019-03
107	2019-03-12	6083924.0	2019-03
108	2019-03-13	6162063.0	2019-03
109	2019-03-14	6160168.0	2019-03
110	2019-03-15	5974413.0	2019-03
111	2019-03-16	3474959.0	2019-03
112	2019-03-17	2705922.0	2019-03
113	2019-03-18	5664552.0	2019-03
114	2019-03-19	5980689.0	2019-03
115	2019-03-20	6198189.0	2019-03
116	2019-03-21	5917825.0	2019-03
117	2019-03-22	5877270.0	2019-03
118	2019-03-23	3321328.0	2019-03
119	2019-03-24	2661053.0	2019-03
120	2019-03-25	5724621.0	2019-03
121	2019-03-26	6018799.0	2019-03
122	2019-03-27	6189804.0	2019-03
123	2019-03-28	6141396.0	2019-03
124	2019-03-29	6051874.0	2019-03
125	2019-03-30	3515620.0	2019-03
126	2019-03-31	2586265.0	2019-03
127	2019-04-01	5757124.0	2019-04
128	2019-04-02	6140562.0	2019-04
129	2019-04-03	6215051.0	2019-04
130	2019-04-04	6440782.0	2019-04
131	2019-04-05	5988771.0	2019-04
132	2019-04-06	3622050.0	2019-04
133	2019-04-07	2806856.0	2019-04
134	2019-04-08	5828586.0	2019-04
135	2019-04-09	6132273.0	2019-04
136	2019-04-10	6168589.0	2019-04
137	2019-04-11	6238455.0	2019-04
138	2019-04-12	6006846.0	2019-04
139	2019-04-13	3792836.0	2019-04
140	2019-04-14	2850547.0	2019-04
141	2019-04-15	5795081.0	2019-04
142	2019-04-16	6249657.0	2019-04
143	2019-04-17	6453868.0	2019-04
144	2019-04-18	6181450.0	2019-04
145	2019-04-19	5285155.0	2019-04
146	2019-04-20	3293685.0	2019-04
147	2019-04-21	2583442.0	2019-04
148	2019-04-22	5241868.0	2019-04
149	2019-04-23	5820965.0	2019-04
150	2019-04-24	5744671.0	2019-04
151	2019-04-25	5869452.0	2019-04
152	2019-04-26	5385146.0	2019-04
153	2019-04-27	3482819.0	2019-04
154	2019-04-28	2716007.0	2019-04
155	2019-04-29	5994293.0	2019-04
156	2019-04-30	6138170.0	2019-04
157	2019-05-01	6376381.0	2019-05
158	2019-05-02	6197752.0	2019-05
159	2019-05-03	6101000.0	2019-05
160	2019-05-04	3606375.0	2019-05
161	2019-05-05	2623229.0	2019-05
162	2019-05-06	5796229.0	2019-05
163	2019-05-07	6149626.0	2019-05
164	2019-05-08	6182707.0	2019-05
165	2019-05-09	6283464.0	2019-05
166	2019-05-10	5988896.0	2019-05
167	2019-05-11	3784043.0	2019-05
168	2019-05-12	2415717.0	2019-05
169	2019-05-13	5757015.0	2019-05
170	2019-05-14	6228594.0	2019-05
171	2019-05-15	6203859.0	2019-05
172	2019-05-16	6367954.0	2019-05
173	2019-05-17	6097603.0	2019-05
174	2019-05-18	3740949.0	2019-05
175	2019-05-19	2947405.0	2019-05
176	2019-05-20	5881436.0	2019-05
177	2019-05-21	6089660.0	2019-05
178	2019-05-22	6086760.0	2019-05
179	2019-05-23	6097257.0	2019-05
180	2019-05-24	6179315.0	2019-05
181	2019-05-25	3421096.0	2019-05
182	2019-05-26	2787195.0	2019-05
183	2019-05-27	2745587.0	2019-05
184	2019-05-28	5771997.0	2019-05
185	2019-05-29	6191652.0	2019-05
186	2019-05-30	6173481.0	2019-05
187	2019-05-31	6121097.0	2019-05
188	2019-06-01	3473711.0	2019-06
189	2019-06-02	2864007.0	2019-06
190	2019-06-03	5764902.0	2019-06
191	2019-06-04	6479363.0	2019-06
192	2019-06-05	7292152.0	2019-06
193	2019-06-06	6975484.0	2019-06
194	2019-06-07	6426582.0	2019-06
195	2019-06-08	3737383.0	2019-06
196	2019-06-09	2853895.0	2019-06
197	2019-06-10	6112774.0	2019-06
198	2019-06-11	7313857.0	2019-06
199	2019-06-12	6483342.0	2019-06
200	2019-06-13	6123591.0	2019-06
201	2019-06-14	5960593.0	2019-06
202	2019-06-15	3544554.0	2019-06
203	2019-06-16	2616452.0	2019-06
204	2019-06-17	5675284.0	2019-06
205	2019-06-18	5969880.0	2019-06
206	2019-06-19	6097231.0	2019-06
207	2019-06-20	6087604.0	2019-06
208	2019-06-21	5870582.0	2019-06
209	2019-06-22	3561636.0	2019-06
210	2019-06-23	2915038.0	2019-06
211	2019-06-24	5664745.0	2019-06
212	2019-06-25	5850952.0	2019-06
213	2019-06-26	6160354.0	2019-06
214	2019-06-27	5993624.0	2019-06
215	2019-06-28	5859896.0	2019-06
216	2019-06-29	3534046.0	2019-06
217	2019-06-30	3312551.0	2019-06
218	2019-07-01	5547816.0	2019-07
219	2019-07-02	5662526.0	2019-07
220	2019-07-03	5572065.0	2019-07
221	2019-07-04	2908805.0	2019-07
222	2019-07-05	4233056.0	2019-07
223	2019-07-06	2855658.0	2019-07
224	2019-07-07	2498968.0	2019-07
225	2019-07-08	5440504.0	2019-07
226	2019-07-09	5791277.0	2019-07
227	2019-07-10	6010960.0	2019-07
228	2019-07-11	5950998.0	2019-07
229	2019-07-12	5613153.0	2019-07
230	2019-07-13	3380502.0	2019-07
231	2019-07-14	2679864.0	2019-07
232	2019-07-15	5518213.0	2019-07
233	2019-07-16	5874662.0	2019-07
234	2019-07-17	5884871.0	2019-07
235	2019-07-18	5839460.0	2019-07
236	2019-07-19	5482058.0	2019-07
237	2019-07-20	3001820.0	2019-07
238	2019-07-21	2381350.0	2019-07
239	2019-07-22	5357889.0	2019-07
240	2019-07-23	5539291.0	2019-07
241	2019-07-24	6004056.0	2019-07
242	2019-07-25	6012768.0	2019-07
243	2019-07-26	5604117.0	2019-07
244	2019-07-27	3425600.0	2019-07
245	2019-07-28	2754178.0	2019-07
246	2019-07-29	5396155.0	2019-07
247	2019-07-30	5778175.0	2019-07
248	2019-07-31	5805955.0	2019-07
249	2019-08-01	5880539.0	2019-08
250	2019-08-02	5504297.0	2019-08
251	2019-08-03	3414965.0	2019-08
252	2019-08-04	2690577.0	2019-08
253	2019-08-05	5466284.0	2019-08
254	2019-08-06	5720493.0	2019-08
255	2019-08-07	5689371.0	2019-08
256	2019-08-08	5682661.0	2019-08
257	2019-08-09	5489478.0	2019-08
258	2019-08-10	3257348.0	2019-08
259	2019-08-11	2720207.0	2019-08
260	2019-08-12	5382566.0	2019-08
261	2019-08-13	5587509.0	2019-08
262	2019-08-14	5732226.0	2019-08
263	2019-08-15	5763317.0	2019-08
264	2019-08-16	5354594.0	2019-08
265	2019-08-17	3182332.0	2019-08
266	2019-08-18	2540676.0	2019-08
267	2019-08-19	5232614.0	2019-08
268	2019-08-20	5455636.0	2019-08
269	2019-08-21	5403476.0	2019-08
270	2019-08-22	5384431.0	2019-08
271	2019-08-23	5119257.0	2019-08
272	2019-08-24	3284082.0	2019-08
273	2019-08-25	2578712.0	2019-08
274	2019-08-26	5148236.0	2019-08
275	2019-08-27	5553766.0	2019-08
276	2019-08-28	5582568.0	2019-08
277	2019-08-29	5590485.0	2019-08
278	2019-08-30	5183824.0	2019-08
279	2019-08-31	3252559.0	2019-08
280	2019-09-01	2706232.0	2019-09
281	2019-09-02	2483864.0	2019-09
282	2019-09-03	5631291.0	2019-09
283	2019-09-04	5939449.0	2019-09
284	2019-09-05	6288499.0	2019-09
285	2019-09-06	6063892.0	2019-09
286	2019-09-07	3431931.0	2019-09
287	2019-09-08	2794382.0	2019-09
288	2019-09-09	5973787.0	2019-09
289	2019-09-10	6233077.0	2019-09
290	2019-09-11	6284720.0	2019-09
291	2019-09-12	6320337.0	2019-09
292	2019-09-13	6189215.0	2019-09
293	2019-09-14	3420876.0	2019-09
294	2019-09-15	2802877.0	2019-09
295	2019-09-16	5914646.0	2019-09
296	2019-09-17	6314399.0	2019-09
297	2019-09-18	6467808.0	2019-09
298	2019-09-19	6407714.0	2019-09
299	2019-09-20	6339459.0	2019-09
300	2019-09-21	3606969.0	2019-09
301	2019-09-22	2887101.0	2019-09
302	2019-09-23	5957457.0	2019-09
303	2019-09-24	6334938.0	2019-09
304	2019-09-25	6489985.0	2019-09
305	2019-09-26	6421325.0	2019-09
306	2019-09-27	6280103.0	2019-09
307	2019-09-28	3653549.0	2019-09
308	2019-09-29	2820060.0	2019-09
309	2019-09-30	5092011.0	2019-09
310	2019-10-01	5536541.0	2019-10
311	2019-10-02	6327402.0	2019-10
312	2019-10-03	6348449.0	2019-10
313	2019-10-04	6302717.0	2019-10
314	2019-10-05	3625285.0	2019-10
315	2019-10-06	2881962.0	2019-10
316	2019-10-07	6013238.0	2019-10
317	2019-10-08	6080616.0	2019-10
318	2019-10-09	5234641.0	2019-10
319	2019-10-10	6346609.0	2019-10
320	2019-10-11	6202315.0	2019-10
321	2019-10-12	3523073.0	2019-10
322	2019-10-13	2899368.0	2019-10
323	2019-10-14	4484689.0	2019-10
324	2019-10-15	6165573.0	2019-10
325	2019-10-16	6264531.0	2019-10
326	2019-10-17	6422694.0	2019-10
327	2019-10-18	6380549.0	2019-10
328	2019-10-19	3671747.0	2019-10
329	2019-10-20	2761873.0	2019-10
330	2019-10-21	5844747.0	2019-10
331	2019-10-22	6180037.0	2019-10
332	2019-10-23	6461637.0	2019-10
333	2019-10-24	6560698.0	2019-10
334	2019-10-25	6307075.0	2019-10
335	2019-10-26	3619668.0	2019-10
336	2019-10-27	2507606.0	2019-10
337	2019-10-28	6005289.0	2019-10
338	2019-10-29	6311987.0	2019-10
339	2019-10-30	6361803.0	2019-10
340	2019-10-31	6134445.0	2019-10
341	2019-11-01	6315674.0	2019-11
342	2019-11-02	3617797.0	2019-11
343	2019-11-03	3328593.0	2019-11
344	2019-11-04	6092457.0	2019-11
345	2019-11-05	5902525.0	2019-11
346	2019-11-06	6447755.0	2019-11
347	2019-11-07	6393497.0	2019-11
348	2019-11-08	6190876.0	2019-11
349	2019-11-09	3449562.0	2019-11
350	2019-11-10	2720184.0	2019-11
351	2019-11-11	5121441.0	2019-11
352	2019-11-12	6187827.0	2019-11
353	2019-11-13	6199526.0	2019-11
354	2019-11-14	6403288.0	2019-11
355	2019-11-15	6135017.0	2019-11
356	2019-11-16	3561222.0	2019-11
357	2019-11-17	2630770.0	2019-11
358	2019-11-18	5865118.0	2019-11
359	2019-11-19	6213375.0	2019-11
360	2019-11-20	6432115.0	2019-11
361	2019-11-21	6445041.0	2019-11
362	2019-11-22	6122002.0	2019-11
363	2019-11-23	3389839.0	2019-11
364	2019-11-24	2448167.0	2019-11
365	2019-11-25	6002948.0	2019-11
366	2019-11-26	6275007.0	2019-11
367	2019-11-27	5623028.0	2019-11
368	2019-11-28	2350608.0	2019-11
369	2019-11-29	3589952.0	2019-11
370	2019-11-30	3103228.0	2019-11
371	2019-12-01	2316824.0	2019-12
372	2019-12-02	5480193.0	2019-12
373	2019-12-03	6225616.0	2019-12
374	2019-12-04	6506278.0	2019-12
375	2019-12-05	6397672.0	2019-12
376	2019-12-06	6268122.0	2019-12
377	2019-12-07	3748354.0	2019-12
378	2019-12-08	2902662.0	2019-12
379	2019-12-09	5897969.0	2019-12
380	2019-12-10	6230331.0	2019-12
381	2019-12-11	6378072.0	2019-12
382	2019-12-12	6455969.0	2019-12
383	2019-12-13	6260310.0	2019-12
384	2019-12-14	3765026.0	2019-12
385	2019-12-15	3045987.0	2019-12
386	2019-12-16	5967843.0	2019-12
387	2019-12-17	6064491.0	2019-12
388	2019-12-18	6283887.0	2019-12
389	2019-12-19	6022287.0	2019-12
390	2019-12-20	6119334.0	2019-12
391	2019-12-21	3445476.0	2019-12
392	2019-12-22	2861650.0	2019-12
393	2019-12-23	5022573.0	2019-12
394	2019-12-24	3915176.0	2019-12
395	2019-12-25	1875779.0	2019-12
396	2019-12-26	4099332.0	2019-12
397	2019-12-27	4533088.0	2019-12
398	2019-12-28	3440375.0	2019-12
399	2019-12-29	2721517.0	2019-12
400	2019-12-30	4542705.0	2019-12
401	2019-12-31	4338852.0	2019-12
402	2020-01-01	2636872.0	2020-01
403	2020-01-02	5254307.0	2020-01
404	2020-01-03	5279522.0	2020-01
405	2020-01-04	3036600.0	2020-01
406	2020-01-05	2432322.0	2020-01
407	2020-01-06	5462766.0	2020-01
408	2020-01-07	5768123.0	2020-01
409	2020-01-08	5738510.0	2020-01
410	2020-01-09	5858976.0	2020-01
411	2020-01-10	5809421.0	2020-01
412	2020-01-11	3267270.0	2020-01
413	2020-01-12	2462241.0	2020-01
414	2020-01-13	5476837.0	2020-01
415	2020-01-14	5710578.0	2020-01
416	2020-01-15	5971512.0	2020-01
417	2020-01-16	5898747.0	2020-01
418	2020-01-17	5675516.0	2020-01
419	2020-01-18	2731243.0	2020-01
420	2020-01-19	2379537.0	2020-01
421	2020-01-20	3307807.0	2020-01
422	2020-01-21	5549550.0	2020-01
423	2020-01-22	5752103.0	2020-01
424	2020-01-23	5701004.0	2020-01
425	2020-01-24	5616159.0	2020-01
27	2020-01-25	2763585.0	2020-01
28	2020-01-26	2518902.0	2020-01
29	2020-01-27	5449183.0	2020-01
30	2020-01-28	5988960.0	2020-01
31	2020-01-29	5885685.0	2020-01
32	2020-01-30	5910488.0	2020-01
33	2020-01-31	5638873.0	2020-01
34	2020-02-01	3080567.0	2020-02
35	2020-02-02	2346205.0	2020-02
36	2020-02-03	5659485.0	2020-02
37	2020-02-04	5824113.0	2020-02
38	2020-02-05	5917458.0	2020-02
39	2020-02-06	6057714.0	2020-02
40	2020-02-07	5715789.0	2020-02
41	2020-02-08	3106067.0	2020-02
42	2020-02-09	2391247.0	2020-02
43	2020-02-10	5550997.0	2020-02
44	2020-02-11	5890168.0	2020-02
45	2020-02-12	5829402.0	2020-02
46	2020-02-13	6038313.0	2020-02
47	2020-02-14	5732023.0	2020-02
48	2020-02-15	2933145.0	2020-02
49	2020-02-16	2452390.0	2020-02
50	2020-02-17	3287895.0	2020-02
51	2020-02-18	5431639.0	2020-02
52	2020-02-19	5581833.0	2020-02
53	2020-02-20	5617549.0	2020-02
54	2020-02-21	5387405.0	2020-02
55	2020-02-22	3062813.0	2020-02
56	2020-02-23	2407506.0	2020-02
57	2020-02-24	5561491.0	2020-02
58	2020-02-25	5783127.0	2020-02
59	2020-02-26	5907448.0	2020-02
60	2020-02-27	5969830.0	2020-02
61	2020-02-28	5829687.0	2020-02
62	2020-02-29	3041489.0	2020-02
63	2020-03-01	2427253.0	2020-03
64	2020-03-02	5586392.0	2020-03
65	2020-03-03	5716444.0	2020-03
66	2020-03-04	5755579.0	2020-03
67	2020-03-05	5729398.0	2020-03
68	2020-03-06	5485714.0	2020-03
69	2020-03-07	2929033.0	2020-03
70	2020-03-08	2143618.0	2020-03
71	2020-03-09	5070281.0	2020-03
72	2020-03-10	5147182.0	2020-03
73	2020-03-11	5019281.0	2020-03
74	2020-03-12	4413297.0	2020-03
75	2020-03-13	3784752.0	2020-03
76	2020-03-14	1811735.0	2020-03
77	2020-03-15	1270685.0	2020-03
78	2020-03-16	2337460.0	2020-03
79	2020-03-17	1946217.0	2020-03
80	2020-03-18	1717841.0	2020-03
81	2020-03-19	1504935.0	2020-03
82	2020-03-20	1480599.0	2020-03
83	2020-03-21	684120.0	2020-03
84	2020-03-22	453052.0	2020-03
85	2020-03-23	751894.0	2020-03
86	2020-03-24	899810.0	2020-03
87	2020-03-25	740183.0	2020-03
88	2020-03-26	834379.0	2020-03
89	2020-03-27	699028.0	2020-03
90	2020-03-28	373093.0	2020-03
91	2020-03-29	286285.0	2020-03
92	2020-03-30	571259.0	2020-03
93	2020-03-31	551236.0	2020-03
94	2020-04-01	547123.0	2020-04
95	2020-04-02	521745.0	2020-04
96	2020-04-03	518715.0	2020-04
97	2020-04-04	318923.0	2020-04
98	2020-04-05	247972.0	2020-04
99	2020-04-06	467444.0	2020-04
100	2020-04-07	465977.0	2020-04
101	2020-04-08	459170.0	2020-04
102	2020-04-09	436896.0	2020-04
103	2020-04-10	432054.0	2020-04
104	2020-04-11	282989.0	2020-04
105	2020-04-12	219883.0	2020-04
106	2020-04-13	428884.0	2020-04
107	2020-04-14	459973.0	2020-04
108	2020-04-15	451514.0	2020-04
109	2020-04-16	453555.0	2020-04
110	2020-04-17	467213.0	2020-04
111	2020-04-18	331267.0	2020-04
112	2020-04-19	246659.0	2020-04
113	2020-04-20	463345.0	2020-04
114	2020-04-21	554820.0	2020-04
115	2020-04-22	570868.0	2020-04
116	2020-04-23	524724.0	2020-04
117	2020-04-24	476121.0	2020-04
118	2020-04-25	325168.0	2020-04
119	2020-04-26	243358.0	2020-04
120	2020-04-27	486747.0	2020-04
121	2020-04-28	522038.0	2020-04
122	2020-04-29	551637.0	2020-04
123	2020-04-30	502346.0	2020-04
124	2020-05-01	528806.0	2020-05
125	2020-05-02	367586.0	2020-05
126	2020-05-03	366922.0	2020-05
127	2020-05-04	555507.0	2020-05
128	2020-05-05	557107.0	2020-05
129	2020-05-06	587912.0	2020-05
130	2020-05-07	569084.0	2020-05
131	2020-05-08	565297.0	2020-05
132	2020-05-09	346768.0	2020-05
133	2020-05-10	293915.0	2020-05
134	2020-05-11	574896.0	2020-05
135	2020-05-12	611562.0	2020-05
136	2020-05-13	602479.0	2020-05
137	2020-05-14	659474.0	2020-05
138	2020-05-15	623665.0	2020-05
139	2020-05-16	395102.0	2020-05
140	2020-05-17	315045.0	2020-05
141	2020-05-18	624687.0	2020-05
142	2020-05-19	649606.0	2020-05
143	2020-05-20	726379.0	2020-05
144	2020-05-21	667780.0	2020-05
145	2020-05-22	673296.0	2020-05
146	2020-05-23	398616.0	2020-05
147	2020-05-24	339860.0	2020-05
148	2020-05-25	416433.0	2020-05
149	2020-05-26	740432.0	2020-05
150	2020-05-27	734954.0	2020-05
151	2020-05-28	712418.0	2020-05
152	2020-05-29	689132.0	2020-05
153	2020-05-30	459397.0	2020-05
154	2020-05-31	370265.0	2020-05
155	2020-06-01	795858.0	2020-06
156	2020-06-02	749685.0	2020-06
157	2020-06-03	810115.0	2020-06
158	2020-06-04	777542.0	2020-06
159	2020-06-05	782085.0	2020-06
160	2020-06-06	486227.0	2020-06
161	2020-06-07	393490.0	2020-06
162	2020-06-08	832296.0	2020-06
163	2020-06-09	879095.0	2020-06
164	2020-06-10	936078.0	2020-06
165	2020-06-11	860507.0	2020-06
166	2020-06-12	999275.0	2020-06
167	2020-06-13	573798.0	2020-06
168	2020-06-14	461263.0	2020-06
169	2020-06-15	928723.0	2020-06
170	2020-06-16	968392.0	2020-06
171	2020-06-17	1074378.0	2020-06
172	2020-06-18	999074.0	2020-06
173	2020-06-19	1011526.0	2020-06
174	2020-06-20	613089.0	2020-06
175	2020-06-21	471888.0	2020-06
176	2020-06-22	1055959.0	2020-06
177	2020-06-23	1083814.0	2020-06
178	2020-06-24	1105160.0	2020-06
179	2020-06-25	1117880.0	2020-06
180	2020-06-26	1130949.0	2020-06
181	2020-06-27	723088.0	2020-06
182	2020-06-28	560691.0	2020-06
183	2020-06-29	1131399.0	2020-06
184	2020-06-30	1156177.0	2020-06
185	2020-07-01	1213584.0	2020-07
186	2020-07-02	1268934.0	2020-07
187	2020-07-03	932463.0	2020-07
188	2020-07-04	601112.0	2020-07
189	2020-07-05	573651.0	2020-07
190	2020-07-06	1119627.0	2020-07
191	2020-07-07	1186027.0	2020-07
192	2020-07-08	1283481.0	2020-07
193	2020-07-09	1236790.0	2020-07
194	2020-07-10	1086207.0	2020-07
195	2020-07-11	704916.0	2020-07
196	2020-07-12	632379.0	2020-07
197	2020-07-13	1205931.0	2020-07
198	2020-07-14	1269042.0	2020-07
199	2020-07-15	1277332.0	2020-07
200	2020-07-16	1277955.0	2020-07
201	2020-07-17	1233206.0	2020-07
202	2020-07-18	825010.0	2020-07
203	2020-07-19	610325.0	2020-07
204	2020-07-20	1212773.0	2020-07
205	2020-07-21	1263904.0	2020-07
206	2020-07-22	1395064.0	2020-07
207	2020-07-23	1245992.0	2020-07
208	2020-07-24	1225293.0	2020-07
209	2020-07-25	886133.0	2020-07
210	2020-07-26	630793.0	2020-07
211	2020-07-27	1217609.0	2020-07
212	2020-07-28	1262997.0	2020-07
213	2020-07-29	1317764.0	2020-07
214	2020-07-30	1290990.0	2020-07
215	2020-07-31	1280727.0	2020-07
216	2020-08-01	859831.0	2020-08
217	2020-08-02	619007.0	2020-08
218	2020-08-03	1280136.0	2020-08
219	2020-08-04	1112809.0	2020-08
220	2020-08-05	1370240.0	2020-08
221	2020-08-06	1347923.0	2020-08
222	2020-08-07	1367052.0	2020-08
223	2020-08-08	850117.0	2020-08
224	2020-08-09	681626.0	2020-08
225	2020-08-10	1286023.0	2020-08
226	2020-08-11	1332644.0	2020-08
227	2020-08-12	1401065.0	2020-08
228	2020-08-13	1304496.0	2020-08
229	2020-08-14	1373141.0	2020-08
230	2020-08-15	895934.0	2020-08
231	2020-08-16	583744.0	2020-08
232	2020-08-17	1297042.0	2020-08
233	2020-08-18	1392194.0	2020-08
234	2020-08-19	1362746.0	2020-08
235	2020-08-20	1436748.0	2020-08
236	2020-08-21	1427213.0	2020-08
237	2020-08-22	900510.0	2020-08
238	2020-08-23	686498.0	2020-08
239	2020-08-24	1330946.0	2020-08
240	2020-08-25	1550575.0	2020-08
241	2020-08-26	1410691.0	2020-08
242	2020-08-27	1384398.0	2020-08
243	2020-08-28	1394868.0	2020-08
244	2020-08-29	787799.0	2020-08
245	2020-08-30	746834.0	2020-08
246	2020-08-31	1403542.0	2020-08
247	2020-09-01	1540290.0	2020-09
248	2020-09-02	1504852.0	2020-09
249	2020-09-03	1539655.0	2020-09
250	2020-09-04	1545971.0	2020-09
251	2020-09-05	1024323.0	2020-09
252	2020-09-06	828691.0	2020-09
253	2020-09-07	879440.0	2020-09
254	2020-09-08	1594383.0	2020-09
255	2020-09-09	1734347.0	2020-09
256	2020-09-10	1554438.0	2020-09
257	2020-09-11	1650140.0	2020-09
258	2020-09-12	1104570.0	2020-09
259	2020-09-13	874923.0	2020-09
260	2020-09-14	1589409.0	2020-09
261	2020-09-15	1667629.0	2020-09
262	2020-09-16	1676575.0	2020-09
263	2020-09-17	1715778.0	2020-09
264	2020-09-18	1683019.0	2020-09
265	2020-09-19	1150325.0	2020-09
266	2020-09-20	841886.0	2020-09
267	2020-09-21	1598763.0	2020-09
268	2020-09-22	1684503.0	2020-09
269	2020-09-23	1733743.0	2020-09
270	2020-09-24	1716803.0	2020-09
271	2020-09-25	1764864.0	2020-09
272	2020-09-26	1118787.0	2020-09
273	2020-09-27	857317.0	2020-09
274	2020-09-28	1470436.0	2020-09
275	2020-09-29	1662362.0	2020-09
276	2020-09-30	1722575.0	2020-09
277	2020-10-01	1826567.0	2020-10
278	2020-10-02	1770155.0	2020-10
279	2020-10-03	1211480.0	2020-10
280	2020-10-04	865129.0	2020-10
281	2020-10-05	1675565.0	2020-10
282	2020-10-06	1823141.0	2020-10
283	2020-10-07	1792172.0	2020-10
284	2020-10-08	1807553.0	2020-10
285	2020-10-09	1769136.0	2020-10
286	2020-10-10	1158971.0	2020-10
287	2020-10-11	922058.0	2020-10
288	2020-10-12	1299734.0	2020-10
289	2020-10-13	1678768.0	2020-10
290	2020-10-14	1799829.0	2020-10
291	2020-10-15	1867539.0	2020-10
292	2020-10-16	1676810.0	2020-10
293	2020-10-17	1190765.0	2020-10
294	2020-10-18	932944.0	2020-10
295	2020-10-19	1684520.0	2020-10
296	2020-10-20	1756872.0	2020-10
297	2020-10-21	1785937.0	2020-10
298	2020-10-22	1793775.0	2020-10
299	2020-10-23	1799865.0	2020-10
300	2020-10-24	1168159.0	2020-10
301	2020-10-25	947440.0	2020-10
302	2020-10-26	1648839.0	2020-10
303	2020-10-27	1777306.0	2020-10
304	2020-10-28	1831532.0	2020-10
305	2020-10-29	1685743.0	2020-10
306	2020-10-30	1734642.0	2020-10
307	2020-10-31	1145372.0	2020-10
308	2020-11-01	827135.0	2020-11
309	2020-11-02	1698788.0	2020-11
310	2020-11-03	1579441.0	2020-11
311	2020-11-04	1721350.0	2020-11
312	2020-11-05	1753677.0	2020-11
313	2020-11-06	1838980.0	2020-11
314	2020-11-07	1189161.0	2020-11
315	2020-11-08	920456.0	2020-11
316	2020-11-09	1724439.0	2020-11
317	2020-11-10	1882512.0	2020-11
318	2020-11-11	1674041.0	2020-11
319	2020-11-12	1782859.0	2020-11
320	2020-11-13	1766622.0	2020-11
321	2020-11-14	1242109.0	2020-11
322	2020-11-15	879695.0	2020-11
323	2020-11-16	1701877.0	2020-11
324	2020-11-17	1740225.0	2020-11
325	2020-11-18	1783764.0	2020-11
326	2020-11-19	1743900.0	2020-11
327	2020-11-20	1729956.0	2020-11
328	2020-11-21	1107303.0	2020-11
329	2020-11-22	791179.0	2020-11
330	2020-11-23	1594863.0	2020-11
331	2020-11-24	1711833.0	2020-11
332	2020-11-25	1630128.0	2020-11
333	2020-11-26	658844.0	2020-11
334	2020-11-27	1189864.0	2020-11
335	2020-11-28	1042454.0	2020-11
336	2020-11-29	794363.0	2020-11
337	2020-11-30	1411941.0	2020-11
338	2020-12-01	1687186.0	2020-12
339	2020-12-02	1841785.0	2020-12
340	2020-12-03	1718702.0	2020-12
341	2020-12-04	1632204.0	2020-12
342	2020-12-05	974501.0	2020-12
343	2020-12-06	830803.0	2020-12
344	2020-12-07	1586612.0	2020-12
345	2020-12-08	1718040.0	2020-12
346	2020-12-09	1652049.0	2020-12
347	2020-12-10	1720219.0	2020-12
348	2020-12-11	1693494.0	2020-12
349	2020-12-12	1042185.0	2020-12
350	2020-12-13	862159.0	2020-12
351	2020-12-14	1521482.0	2020-12
352	2020-12-15	1759297.0	2020-12
353	2020-12-16	1549530.0	2020-12
354	2020-12-17	1029107.0	2020-12
355	2020-12-18	1619349.0	2020-12
356	2020-12-19	1089838.0	2020-12
357	2020-12-20	777066.0	2020-12
358	2020-12-21	1623770.0	2020-12
359	2020-12-22	1676468.0	2020-12
360	2020-12-23	1698596.0	2020-12
361	2020-12-24	1282245.0	2020-12
362	2020-12-25	498657.0	2020-12
0	2020-12-27	720016.0	2020-12
1	2020-12-28	1434684.0	2020-12
2	2020-12-29	1567436.0	2020-12
3	2020-12-30	1506525.0	2020-12
4	2020-12-31	1234398.0	2020-12
5	2021-01-01	607330.0	2021-01
6	2021-01-02	918036.0	2021-01
7	2021-01-03	640349.0	2021-01
8	2021-01-04	1545363.0	2021-01
9	2021-01-05	1533211.0	2021-01
10	2021-01-06	1547639.0	2021-01
11	2021-01-07	1536597.0	2021-01
12	2021-01-08	1603185.0	2021-01
13	2021-01-09	935198.0	2021-01
14	2021-01-10	714088.0	2021-01
15	2021-01-11	1494438.0	2021-01
16	2021-01-12	1553529.0	2021-01
17	2021-01-13	1707897.0	2021-01
18	2021-01-14	1584063.0	2021-01
19	2021-01-15	1526562.0	2021-01
20	2021-01-16	942181.0	2021-01
21	2021-01-17	747342.0	2021-01
22	2021-01-18	1185483.0	2021-01
23	2021-01-19	1561931.0	2021-01
24	2021-01-20	1499868.0	2021-01
25	2021-01-21	1572256.0	2021-01
26	2021-01-22	1602038.0	2021-01
27	2021-01-23	999802.0	2021-01
28	2021-01-24	750403.0	2021-01
29	2021-01-25	1687740.0	2021-01
30	2021-01-26	1538094.0	2021-01
31	2021-01-27	1562004.0	2021-01
32	2021-01-28	1612464.0	2021-01
33	2021-01-29	1573926.0	2021-01
34	2021-01-30	864431.0	2021-01
35	2021-01-31	668465.0	2021-01
36	2021-02-01	584784.0	2021-02
37	2021-02-02	913237.0	2021-02
38	2021-02-03	1595486.0	2021-02
39	2021-02-04	1658253.0	2021-02
40	2021-02-05	1613108.0	2021-02
41	2021-02-06	1044145.0	2021-02
42	2021-02-07	606287.0	2021-02
43	2021-02-08	1519930.0	2021-02
44	2021-02-09	1556316.0	2021-02
45	2021-02-10	1629397.0	2021-02
46	2021-02-11	1606941.0	2021-02
47	2021-02-12	1548322.0	2021-02
48	2021-02-13	1019220.0	2021-02
49	2021-02-14	765597.0	2021-02
50	2021-02-15	1119751.0	2021-02
51	2021-02-16	1510977.0	2021-02
52	2021-02-17	1617141.0	2021-02
53	2021-02-18	1293528.0	2021-02
54	2021-02-19	1452603.0	2021-02
55	2021-02-20	1008583.0	2021-02
56	2021-02-21	758647.0	2021-02
57	2021-02-22	1484001.0	2021-02
58	2021-02-23	1608512.0	2021-02
59	2021-02-24	1682881.0	2021-02
60	2021-02-25	1669777.0	2021-02
61	2021-02-26	1719599.0	2021-02
62	2021-02-27	969711.0	2021-02
63	2021-02-28	784087.0	2021-02
64	2021-03-01	1617827.0	2021-03
65	2021-03-02	1625041.0	2021-03
66	2021-03-03	1701977.0	2021-03
67	2021-03-04	1673337.0	2021-03
68	2021-03-05	1680420.0	2021-03
69	2021-03-06	1053366.0	2021-03
70	2021-03-07	802469.0	2021-03
71	2021-03-08	1582272.0	2021-03
72	2021-03-09	1743043.0	2021-03
73	2021-03-10	1716148.0	2021-03
74	2021-03-11	1738346.0	2021-03
75	2021-03-12	1732371.0	2021-03
76	2021-03-13	1122513.0	2021-03
77	2021-03-14	795625.0	2021-03
78	2021-03-15	1573827.0	2021-03
79	2021-03-16	1784299.0	2021-03
80	2021-03-17	1702494.0	2021-03
81	2021-03-18	1640854.0	2021-03
82	2021-03-19	1699918.0	2021-03
83	2021-03-20	1155057.0	2021-03
84	2021-03-21	972462.0	2021-03
85	2021-03-22	1638937.0	2021-03
86	2021-03-23	1716318.0	2021-03
87	2021-03-24	1695936.0	2021-03
88	2021-03-25	1747699.0	2021-03
89	2021-03-26	1728599.0	2021-03
90	2021-03-27	1217668.0	2021-03
91	2021-03-28	758945.0	2021-03
92	2021-03-29	1560686.0	2021-03
93	2021-03-30	1708949.0	2021-03
94	2021-03-31	1659168.0	2021-03
95	2021-04-01	1668088.0	2021-04
96	2021-04-02	1601216.0	2021-04
97	2021-04-03	1154245.0	2021-04
98	2021-04-04	876246.0	2021-04
99	2021-04-05	1642437.0	2021-04
100	2021-04-06	1850327.0	2021-04
101	2021-04-07	1797079.0	2021-04
102	2021-04-08	1824382.0	2021-04
103	2021-04-09	1812472.0	2021-04
104	2021-04-10	1336907.0	2021-04
105	2021-04-11	911748.0	2021-04
106	2021-04-12	1651374.0	2021-04
107	2021-04-13	1841215.0	2021-04
108	2021-04-14	1841522.0	2021-04
109	2021-04-15	1748868.0	2021-04
110	2021-04-16	1861570.0	2021-04
111	2021-04-17	1252650.0	2021-04
112	2021-04-18	961963.0	2021-04
113	2021-04-19	1717822.0	2021-04
114	2021-04-20	1850173.0	2021-04
115	2021-04-21	1857471.0	2021-04
116	2021-04-22	1920183.0	2021-04
117	2021-04-23	1855650.0	2021-04
118	2021-04-24	1300951.0	2021-04
119	2021-04-25	909206.0	2021-04
120	2021-04-26	1748770.0	2021-04
121	2021-04-27	1897250.0	2021-04
122	2021-04-28	1912174.0	2021-04
123	2021-04-29	1830931.0	2021-04
124	2021-04-30	1919904.0	2021-04
125	2021-05-01	1331834.0	2021-05
126	2021-05-02	1003161.0	2021-05
127	2021-05-03	1898807.0	2021-05
128	2021-05-04	1891382.0	2021-05
129	2021-05-05	2152524.0	2021-05
130	2021-05-06	1943271.0	2021-05
131	2021-05-07	1956382.0	2021-05
132	2021-05-08	1372449.0	2021-05
133	2021-05-09	972027.0	2021-05
134	2021-05-10	1759946.0	2021-05
135	2021-05-11	1909664.0	2021-05
136	2021-05-12	1964361.0	2021-05
137	2021-05-13	1903211.0	2021-05
138	2021-05-14	2034591.0	2021-05
139	2021-05-15	1386992.0	2021-05
140	2021-05-16	1054068.0	2021-05
141	2021-05-17	1787638.0	2021-05
142	2021-05-18	1898963.0	2021-05
143	2021-05-19	2001007.0	2021-05
144	2021-05-20	2028478.0	2021-05
145	2021-05-21	2012668.0	2021-05
146	2021-05-22	1390945.0	2021-05
147	2021-05-23	1092902.0	2021-05
148	2021-05-24	2097254.0	2021-05
149	2021-05-25	2026390.0	2021-05
150	2021-05-26	2092519.0	2021-05
151	2021-05-27	2079241.0	2021-05
152	2021-05-28	1980070.0	2021-05
153	2021-05-29	1175311.0	2021-05
154	2021-05-30	917467.0	2021-05
155	2021-05-31	1182820.0	2021-05
156	2021-06-01	1986166.0	2021-06
157	2021-06-02	2059315.0	2021-06
158	2021-06-03	1980816.0	2021-06
159	2021-06-04	1975359.0	2021-06
160	2021-06-05	1544035.0	2021-06
161	2021-06-06	1170713.0	2021-06
162	2021-06-07	1943939.0	2021-06
163	2021-06-08	2122546.0	2021-06
164	2021-06-09	2063378.0	2021-06
165	2021-06-10	2186484.0	2021-06
166	2021-06-11	2153576.0	2021-06
167	2021-06-12	1491685.0	2021-06
168	2021-06-13	1237954.0	2021-06
169	2021-06-14	2049869.0	2021-06
170	2021-06-15	2199313.0	2021-06
171	2021-06-16	2187541.0	2021-06
172	2021-06-17	2219469.0	2021-06
173	2021-06-18	2391711.0	2021-06
174	2021-06-19	1553631.0	2021-06
175	2021-06-20	1230296.0	2021-06
176	2021-06-21	2021437.0	2021-06
177	2021-06-22	2080110.0	2021-06
178	2021-06-23	2192832.0	2021-06
179	2021-06-24	2233154.0	2021-06
180	2021-06-25	2290882.0	2021-06
181	2021-06-26	1522569.0	2021-06
182	2021-06-27	1318843.0	2021-06
183	2021-06-28	1949921.0	2021-06
184	2021-06-29	2042341.0	2021-06
185	2021-06-30	2064687.0	2021-06
186	2021-07-01	1988303.0	2021-07
187	2021-07-02	1935102.0	2021-07
188	2021-07-03	1291090.0	2021-07
189	2021-07-04	1156903.0	2021-07
190	2021-07-05	1317870.0	2021-07
191	2021-07-06	2098841.0	2021-07
192	2021-07-07	2087780.0	2021-07
193	2021-07-08	2111321.0	2021-07
194	2021-07-09	2020613.0	2021-07
195	2021-07-10	1529212.0	2021-07
196	2021-07-11	1135645.0	2021-07
197	2021-07-12	2031209.0	2021-07
198	2021-07-13	2088267.0	2021-07
199	2021-07-14	2150406.0	2021-07
200	2021-07-15	2262568.0	2021-07
201	2021-07-16	2163980.0	2021-07
202	2021-07-17	1439548.0	2021-07
203	2021-07-18	1236230.0	2021-07
204	2021-07-19	1988749.0	2021-07
205	2021-07-20	2076406.0	2021-07
206	2021-07-21	2171661.0	2021-07
207	2021-07-22	2181548.0	2021-07
208	2021-07-23	2132824.0	2021-07
209	2021-07-24	1504666.0	2021-07
210	2021-07-25	1189295.0	2021-07
211	2021-07-26	2030764.0	2021-07
212	2021-07-27	2114641.0	2021-07
213	2021-07-28	2144255.0	2021-07
214	2021-07-29	2083719.0	2021-07
215	2021-07-30	2112482.0	2021-07
216	2021-07-31	1551908.0	2021-07
217	2021-08-01	1226698.0	2021-08
218	2021-08-02	2010526.0	2021-08
219	2021-08-03	2143951.0	2021-08
220	2021-08-04	2151164.0	2021-08
221	2021-08-05	2166674.0	2021-08
222	2021-08-06	2095660.0	2021-08
223	2021-08-07	1446114.0	2021-08
224	2021-08-08	1169709.0	2021-08
225	2021-08-09	1940280.0	2021-08
226	2021-08-10	2072838.0	2021-08
227	2021-08-11	2119974.0	2021-08
228	2021-08-12	2069349.0	2021-08
229	2021-08-13	2029791.0	2021-08
230	2021-08-14	1390668.0	2021-08
231	2021-08-15	1171793.0	2021-08
232	2021-08-16	2007738.0	2021-08
233	2021-08-17	2053986.0	2021-08
234	2021-08-18	2063406.0	2021-08
235	2021-08-19	2157702.0	2021-08
236	2021-08-20	2073532.0	2021-08
237	2021-08-21	1486964.0	2021-08
238	2021-08-22	692709.0	2021-08
239	2021-08-23	1695765.0	2021-08
240	2021-08-24	2042217.0	2021-08
241	2021-08-25	2086956.0	2021-08
242	2021-08-26	2159405.0	2021-08
243	2021-08-27	2031768.0	2021-08
244	2021-08-28	1365184.0	2021-08
245	2021-08-29	1203268.0	2021-08
246	2021-08-30	1952288.0	2021-08
247	2021-08-31	2094601.0	2021-08
248	2021-09-01	1974253.0	2021-09
249	2021-09-02	1415411.0	2021-09
250	2021-09-03	1974987.0	2021-09
251	2021-09-04	1434943.0	2021-09
252	2021-09-05	1209871.0	2021-09
253	2021-09-06	1379950.0	2021-09
254	2021-09-07	1988460.0	2021-09
255	2021-09-08	2310897.0	2021-09
256	2021-09-09	2206928.0	2021-09
257	2021-09-10	2309801.0	2021-09
258	2021-09-11	1598725.0	2021-09
259	2021-09-12	1288103.0	2021-09
260	2021-09-13	2438401.0	2021-09
261	2021-09-14	2573943.0	2021-09
262	2021-09-15	2505150.0	2021-09
263	2021-09-16	2131974.0	2021-09
264	2021-09-17	2482865.0	2021-09
265	2021-09-18	1594064.0	2021-09
266	2021-09-19	1356131.0	2021-09
267	2021-09-20	2460894.0	2021-09
268	2021-09-21	2615591.0	2021-09
269	2021-09-22	2550720.0	2021-09
270	2021-09-23	2615395.0	2021-09
271	2021-09-24	2528813.0	2021-09
272	2021-09-25	1655477.0	2021-09
273	2021-09-26	1403451.0	2021-09
274	2021-09-27	2420585.0	2021-09
275	2021-09-28	2469088.0	2021-09
276	2021-09-29	2652174.0	2021-09
277	2021-09-30	2654841.0	2021-09
278	2021-10-01	2641690.0	2021-10
279	2021-10-02	1609668.0	2021-10
280	2021-10-03	1276390.0	2021-10
281	2021-10-04	2471466.0	2021-10
282	2021-10-05	2613382.0	2021-10
283	2021-10-06	2713564.0	2021-10
284	2021-10-07	2669043.0	2021-10
285	2021-10-08	2632983.0	2021-10
286	2021-10-09	1611254.0	2021-10
287	2021-10-10	1204699.0	2021-10
288	2021-10-11	1896614.0	2021-10
289	2021-10-12	2593598.0	2021-10
290	2021-10-13	2740318.0	2021-10
291	2021-10-14	2760637.0	2021-10
292	2021-10-15	2649134.0	2021-10
293	2021-10-16	1593702.0	2021-10
294	2021-10-17	1377793.0	2021-10
295	2021-10-18	2586356.0	2021-10
296	2021-10-19	2703499.0	2021-10
297	2021-10-20	2758114.0	2021-10
298	2021-10-21	2768443.0	2021-10
299	2021-10-22	2680112.0	2021-10
300	2021-10-23	1594655.0	2021-10
301	2021-10-24	1284755.0	2021-10
302	2021-10-25	2630891.0	2021-10
303	2021-10-26	2241203.0	2021-10
304	2021-10-27	2691400.0	2021-10
305	2021-10-28	2918429.0	2021-10
306	2021-10-29	2744519.0	2021-10
307	2021-10-30	1518806.0	2021-10
308	2021-10-31	1320471.0	2021-10
309	2021-11-01	2536239.0	2021-11
310	2021-11-02	2474250.0	2021-11
311	2021-11-03	2933478.0	2021-11
312	2021-11-04	2873732.0	2021-11
313	2021-11-05	2659722.0	2021-11
314	2021-11-06	1708181.0	2021-11
315	2021-11-07	1493570.0	2021-11
316	2021-11-08	2630114.0	2021-11
317	2021-11-09	2766599.0	2021-11
318	2021-11-10	2755055.0	2021-11
319	2021-11-11	2405389.0	2021-11
320	2021-11-12	2541153.0	2021-11
321	2021-11-13	1666418.0	2021-11
322	2021-11-14	1299341.0	2021-11
323	2021-11-15	2797895.0	2021-11
324	2021-11-16	2732167.0	2021-11
325	2021-11-17	2752327.0	2021-11
326	2021-11-18	2800986.0	2021-11
327	2021-11-19	2804381.0	2021-11
328	2021-11-20	1896160.0	2021-11
329	2021-11-21	1307500.0	2021-11
330	2021-11-22	2676046.0	2021-11
331	2021-11-23	2694450.0	2021-11
332	2021-11-24	2524097.0	2021-11
333	2021-11-25	1136171.0	2021-11
334	2021-11-26	1634614.0	2021-11
335	2021-11-27	1435951.0	2021-11
336	2021-11-28	1144124.0	2021-11
337	2021-11-29	2452378.0	2021-11
338	2021-11-30	2626731.0	2021-11
339	2021-12-01	2703731.0	2021-12
340	2021-12-02	2727578.0	2021-12
341	2021-12-03	2674944.0	2021-12
342	2021-12-04	1755390.0	2021-12
343	2021-12-05	1334082.0	2021-12
344	2021-12-06	2557170.0	2021-12
345	2021-12-07	2753674.0	2021-12
346	2021-12-08	2756795.0	2021-12
347	2021-12-09	2782853.0	2021-12
348	2021-12-10	2713888.0	2021-12
349	2021-12-11	1701967.0	2021-12
350	2021-12-12	1376001.0	2021-12
351	2021-12-13	2527462.0	2021-12
352	2021-12-14	2743369.0	2021-12
353	2021-12-15	2651428.0	2021-12
354	2021-12-16	2659563.0	2021-12
355	2021-12-17	2531062.0	2021-12
356	2021-12-18	1594187.0	2021-12
357	2021-12-19	1239657.0	2021-12
358	2021-12-20	2243762.0	2021-12
359	2021-12-21	2270654.0	2021-12
360	2021-12-22	2270207.0	2021-12
361	2021-12-23	2055967.0	2021-12
362	2021-12-24	1324469.0	2021-12
0	2021-12-26	1030778.0	2021-12
1	2021-12-27	1665544.0	2021-12
2	2021-12-28	1875195.0	2021-12
3	2021-12-29	1879017.0	2021-12
4	2021-12-30	1883753.0	2021-12
5	2021-12-31	1331184.0	2021-12
6	2022-01-01	821386.0	2022-01
7	2022-01-02	942668.0	2022-01
8	2022-01-03	1878677.0	2022-01
9	2022-01-04	1887435.0	2022-01
10	2022-01-05	1877267.0	2022-01
11	2022-01-06	2058451.0	2022-01
12	2022-01-07	1858800.0	2022-01
13	2022-01-08	1118548.0	2022-01
14	2022-01-09	926792.0	2022-01
15	2022-01-10	1977437.0	2022-01
16	2022-01-11	1851748.0	2022-01
17	2022-01-12	2158086.0	2022-01
18	2022-01-13	2114752.0	2022-01
19	2022-01-14	2170819.0	2022-01
